"id","pillar_name","meta_category","sub_category","definition","why_it_works","product_examples","how_to_apply","dark_pattern","domains_seen","sources"
"P001","Operant Conditioning (Reinforcement Learning)","Behavioral Theory & Foundations","reinforcement / learning theory","Behavior is shaped by its consequences — reinforced behaviors increase in frequency, punished ones decrease (Skinner, Thorndike's Law of Effect).","Forms a stimulus-response-consequence association strengthened at the striatal level until automatic; it is the master mechanism beneath nearly every engagement loop.","Likes/points (Instagram, LinkedIn); loyalty programs; video-game XP","Pick one target behavior, deliver an immediate salient positive consequence contingent on it, and reinforce the behavior not just the outcome.","No: foundational substrate of all reinforcement","theory","https://www.simplypsychology.org/operant-conditioning.html"
"P002","Variable-Ratio Reinforcement (as principle)","Behavioral Theory & Foundations","reinforcement schedule (the keystone)","Reward delivered after an unpredictable number of responses — the highest, steadiest response rate and the most resistant to extinction of any schedule.","Every action carries live anticipation since any could pay off; there is no post-reward pause and behavior persists through unrewarded stretches because the next one might win — maximally exploits dopamine prediction error.","Slot machines; social-feed refresh; loot boxes/gacha; dating-app match reveal","Introduce genuine bounded unpredictability into rewards paired with a low-effort action; use sparingly with user-protective bounds.","Yes: the flagship compulsion engine","games; duolingo-edtech; meditation-habit; theory; gambling; social-media; social-roleplay; fitness-kids","https://www.simplypsychology.org/schedules-of-reinforcement.html ; https://courses.lumenlearning.com/waymaker-psychology/chapter/reading-reinforcement-schedules/"
"P003","Fixed-Ratio Reinforcement (Earn-After-N)","Behavioral Theory & Foundations","reinforcement schedule","Reward after a known fixed number of actions (e.g., extra life every 20 kills); produces a burst of activity then a post-reward pause.","Predictable target creates a goal-gradient sprint, but the post-reinforcement pause and easy satiation make it weaker for sustained engagement; its predictability makes it user-respectful.","Buy-10-get-1-free punch cards; classic arcade 1-UP; complete-5-lessons-to-unlock","Use for clear short-term goals; keep the ratio small so the pause does not cause drop-off; stack multiple tracks so a slump on one is covered by another.","No","games; theory","https://www.gamedeveloper.com/design/behavioral-game-design"
"P004","Fixed-Interval Reinforcement (Time-Gated)","Behavioral Theory & Foundations","reinforcement schedule","Reward available for the first response after a fixed time elapses (e.g., a daily reward); produces a scalloped check-in pattern.","Activity drops right after reward and accelerates as the next interval closes; the predictable clock entrains a daily-return habit.","Daily login bonuses; hourly chest timers; energy/stamina refills","Use timed availability (daily quests/rewards) to create a once-a-day return ritual anchored to a clock.","Borderline: daily-login manufactures obligatory return","games; theory","https://courses.lumenlearning.com/waymaker-psychology/chapter/reading-reinforcement-schedules/"
"P005","Variable-Interval Reinforcement (Compulsive Checking)","Behavioral Theory & Foundations","reinforcement schedule","Reward for the first response after an unpredictable amount of time; produces slow, steady, persistent checking.","The user keeps checking because a reward could become available any moment, but does not spam since it is time-gated — the schedule of compulsive checking.","Checking email/messaging for replies; refreshing a feed; notification checking","When content arrives unpredictably over time, this pattern drives habitual re-checking; pair with push to externalize the trigger.","Yes (weaponized): phantom-buzz problematic phone use","theory; social-media","https://courses.lumenlearning.com/suny-fmcc-intropsych/chapter/reading-reinforcement-schedules/"
"P006","Positive vs Negative Reinforcement","Behavioral Theory & Foundations","reinforcement / learning theory","Positive reinforcement adds a pleasant stimulus to increase behavior; negative reinforcement removes an aversive one (boredom, an unread badge) — relief is itself rewarding.","Negative reinforcement is uniquely sticky: the action relieves a felt discomfort, so the user learns it as an escape valve.","Clearing notification badges; pull-to-refresh to dispel boredom; Snapchat streaks (acting removes dread)","For positive loops add delight on completion; recognize that relief-of-discomfort designs are powerful but ethically fraught.","Yes (negative reinforcement): manufacturing discomfort to relieve","theory","https://www.simplypsychology.org/operant-conditioning.html"
"P007","Classical (Pavlovian) Conditioned Cues","Behavioral Theory & Foundations","conditioning / associative learning","A neutral cue (sound, icon, color) repeatedly paired with reward comes to evoke craving/anticipation on its own.","Through pairing the cue acquires incentive salience and triggers anticipatory dopamine; the cue alone can launch the whole habit loop before any reward.","Slack/iMessage chime; Tinder match jingle; the red notification dot; Candy Crush sound design","Develop a consistent distinctive sensory signature and pair it reliably with reward so it becomes a craving trigger and brand asset.","Yes (weaponized): cues that trigger craving against intent","theory; duolingo-edtech; gambling","https://sites.lsa.umich.edu/berridge-lab/research-overview/neuroscience-of-linking-and-wanting/"
"P008","Incentive Salience: Wanting vs Liking","Behavioral Theory & Foundations","neuroscience / motivation","The brain separates wanting (dopaminergic motivational pull) from liking (fragile opioid hedonic pleasure); products can crank wanting while delivering little liking.","Dopamine drives wanting not pleasure, explaining hollow compulsive checking users do not even enjoy — the gap between craving and satisfaction.","Doomscrolling; compulsive app-checking; gacha/loot-box pulls; slot machines","Ensure liking (real satisfaction) keeps pace with wanting so users feel rewarded not merely compelled.","Yes (weaponized): wanting without liking is compulsion","theory","https://sites.lsa.umich.edu/berridge-lab/research-overview/neuroscience-of-linking-and-wanting/"
"P009","Dopamine Reward-Prediction Error (Anticipation > Reward)","Behavioral Theory & Foundations","neuroscience / reinforcement learning","Dopamine neurons signal the error between predicted and received reward; once predictable, the burst shifts backward onto the cue — anticipation, not consumption, is where dopamine fires.","Maximal dopamine occurs under maximal uncertainty (~50% probability), explaining why variable rewards and near-misses are so potent and why the chase beats the catch.","Loot-box opening suspense; the swipe-before-the-match; spinning reward-reveal animations","Invest in the anticipation phase (slow reveals, rolling counters, mystery); keep reward probability genuinely uncertain.","Yes (weaponized): tuning the uncertainty peak is gambling psychology","theory; gambling","https://www.brainfacts.org/brain-anatomy-and-function/genes-and-molecules/2021/discovering-dopamines-role-in-reward-prediction-error-122121"
"P010","Dopamine and Maybe (Uncertainty Amplifier)","Behavioral Theory & Foundations","neuroscience / motivation","Sapolsky: dopamine release is largest not when reward is certain but when it is a maybe; making an established reward only ~50% likely can roughly double dopamine.","Maybe is the most dopaminergically potent state — the neuroscience of hope, suspense and gambling; the bridge between prediction error and unpredictable-reward design.","Mystery boxes; you-might-get-a-rare-drop; surprise bonuses; variable like-counts","Convert certain rewards into probabilistic maybes to spike anticipation — but transparently and with floors that protect the user.","Yes (weaponized): engineered maybe states drive compulsion","theory","https://en.wikipedia.org/wiki/Dopamine"
"P011","Fogg Behavior Model (B = MAP)","Behavioral Theory & Foundations","behavior-design framework","Behavior occurs when Motivation, Ability and a Prompt converge; if it does not happen, one element was missing, and raising Ability (reducing friction) is usually more durable than raising motivation.","Motivation and Ability trade off along an action line; because motivation is volatile, cutting friction reliably lifts behavior, and a prompt only succeeds above the action line.","One-tap checkout (Amazon 1-Click); Sign in with Google; well-timed push notifications","Diagnose drop-off by which of M/A/P is missing; default to increasing Ability; deliver hot triggers where motivation and ability are already high.","Borderline: frictionless harmful actions weaponize Ability","theory; meditation-habit; friction-onboarding","https://www.behaviormodel.org/"
"P012","The Hook Model (Trigger-Action-Variable Reward-Investment)","Behavioral Theory & Foundations","behavior-design framework","Eyal's four-phase cycle that builds habits by migrating an external trigger to an internal emotion, then loading an investment that improves the product and pre-loads the next trigger.","Each loop moves the trigger from a notification to an emotion (boredom, loneliness) so users self-prompt; variable reward sustains craving and the investment phase raises switching costs.","Instagram, Pinterest, TikTok, Slack — all map onto the four phases","Identify the user's internal pain, make the relieving action trivially easy, deliver variable reward, then prompt a small product-improving investment.","Yes (weaponized): tying products to negative emotions for compulsion","theory; meditation-habit; social-media","https://amplitude.com/blog/the-hook-model"
"P013","Three Variable Rewards: Tribe, Hunt, Self","Behavioral Theory & Foundations","behavior-design / reward taxonomy","Eyal's classification: rewards of the Tribe (social validation/status), the Hunt (material resources/information), and the Self (intrinsic mastery/competence/completion).","Each maps to a deep evolved drive — belonging, foraging, and self-determination — and variability within each keeps the anticipation engine running; the strongest products stack all three.","Tribe: Facebook likes; Hunt: infinite scroll, slot payouts; Self: Duolingo XP, inbox zero","Audit which reward type your product offers and layer the others, especially the more ethical Self/mastery rewards.","Borderline: Tribe rewards exploit social-validation anxiety","theory; meditation-habit","https://www.nirandfar.com/want-to-hook-your-users-drive-them-crazy/"
"P014","Self-Determination Theory (Autonomy, Competence, Relatedness)","Behavioral Theory & Foundations","motivation theory (macro-framework)","Three innate psychological needs — autonomy, competence, relatedness — fuel intrinsic motivation when satisfied and cause harm when thwarted; they are needs, not preferences.","Engagement that nourishes all three is self-sustaining and pro-wellbeing; engagement that bypasses them with extrinsic carrots is brittle and can backfire — the gold-standard ethical counterweight.","Autonomy: Duolingo path choice; Competence: clear game progression; Relatedness: Strava kudos, co-op","Design for meaningful choice (autonomy), optimal challenge and clear progress (competence), and genuine connection (relatedness).","No: the primary ethical north star","theory; social-roleplay; fitness-kids","https://selfdeterminationtheory.org/SDT/documents/2000_RyanDeci_SDT.pdf"
"P015","Intrinsic vs Extrinsic Motivation Continuum","Behavioral Theory & Foundations","motivation theory","Motivation ranges from amotivation through external/introjected/identified to intrinsic; the goal is to help users internalize motivation from I-have-to toward I-want-to.","Internalized autonomous motivation persists without scaffolding while purely extrinsic motivation collapses when the reward stops.","Wikipedia editing (intrinsic); a tracker user shifting from points to I-run-because-I'm-a-runner","Use extrinsic rewards as on-ramps then transition users to intrinsic satisfaction framed in their own values and identity.","No","theory","https://www.apa.org/research-practice/conduct-research/self-determination-theory.html"
"P016","Overjustification Effect (Crowding-Out)","Behavioral Theory & Foundations","motivation theory / cognitive effect","Offering a controlling extrinsic reward for an already-intrinsically-rewarding activity can reduce intrinsic motivation, dropping it below baseline when the reward stops.","The reward shifts perceived locus of causality from internal to external; contingent and expected rewards undermine more than unexpected ones.","Loyalty points turning a hobby into a chore; over-gamifying creative communities until contribution feels transactional","Be cautious adding extrinsic rewards to loved behaviors; prefer unexpected bonuses and informational (competence-signaling) rewards.","No: a failure-mode warning","theory; meditation-habit; fitness-kids","https://yukaichou.com/gamification-analysis/self-determination-theory-guide-to-ryan-and-decis-motivation-framework/"
"P017","Flow State","Behavioral Theory & Foundations","optimal-experience theory","Csikszentmihalyi's state of complete energized absorption with merged action-awareness, distorted time, and intrinsic (autotelic) enjoyment.","In flow the activity becomes its own reward; attention is fully occupied and self-consciousness disappears — the peak of intrinsic engagement.","Tetris/Threes; coding/creative tools; a perfectly paced game level","Engineer flow conditions: matched challenge/skill, clear goals, immediate feedback, minimized distraction.","Borderline: flow-as-a-trap can be exploited to overspend time","theory; games; gambling","https://positivepsychology.com/mihaly-csikszentmihalyi-father-of-flow/"
"P018","Octalysis: The 8 Core Drives","Behavioral Theory & Foundations","gamification framework (master model)","Yu-kai Chou's framework organizing motivation into eight core drives (Epic Meaning, Accomplishment, Empowerment, Ownership, Social Influence, Scarcity, Unpredictability, Loss-Avoidance).","Maps the full spectrum of why people do things, letting designers diagnose which drives a product engages and which it neglects, balancing left/right-brain and white/black-hat.","Quora (Meaning+Social); eBay (Ownership+Scarcity); Minecraft (Creativity); Pokemon GO (all eight)","Audit your product against all 8 drives, engage multiple, balance white-hat with black-hat, and map drives to the player journey.","Borderline: drives 6-8 are explicitly black-hat","theory","https://yukaichou.com/gamification-examples/octalysis-gamification-framework/"
"P019","White-Hat vs Black-Hat Drives","Behavioral Theory & Foundations","gamification ethics framework","Chou splits the octagon: white-hat drives (meaning, accomplishment, empowerment) make users feel powerful; black-hat drives (scarcity, unpredictability, loss-avoidance) create urgency, obsession and anxiety.","Black-hat produces immediate compulsive action by hijacking fear/urgency circuitry; white-hat produces slower sustainable engagement — the ethical test is whose goal the urgency serves.","Black-hat: limited-time offers, loot boxes, streaks; White-hat: creative sandbox, meaningful mission","Use black-hat for short-term activation but transition to white-hat for retention; all-black-hat burns users out.","Yes: the named home of dark patterns","theory","https://yukaichou.com/gamification-study/white-hat-black-hat-gamification-octalysis-framework/"
"P020","PBL: Points, Badges, Leaderboards","Behavioral Theory & Foundations","gamification framework (elements)","Werbach & Hunter's three most common gamification elements: points (track progress/status), badges (achievement/collection), leaderboards (comparative ranking).","Points give continuous feedback (competence); badges trigger collection/completion; leaderboards activate social comparison — cheap, legible, broadly applicable.","Stack Overflow (rep+badges); Foursquare (badges); Duolingo (XP+leagues)","Use PBL as a starting vocabulary but tie each element to a real underlying drive and a meaningful behavior.","Borderline: leaderboards can demoralize, pointsification is hollow","theory","https://www.tise.cl/Volumen15/TISE2019/TISE_2019_paper_9.pdf"
"P021","Pointsification Critique (Meaningful vs Exploitationware)","Behavioral Theory & Foundations","gamification critique / philosophy","Deterding/Bogost critique that slapping PBL onto an activity is shallow gamification ignoring the deeper structures (meaning, autonomy, mastery) that make games compelling; meaningful play taps intrinsic motivation.","PBL addresses only extrinsic motivation and Achievers; without SDT, player diversity and meaningful play it decays and can crowd out intrinsic motivation.","Failed enterprise gamification; abandoned badge systems; vs Zombies Run! (story-driven, meaningful)","Treat PBL as surface UI not strategy; ground gamification in real motivational needs and ask would-this-be-fun-without-the-points.","No: a constructive critique against exploitationware","theory","https://yukaichou.com/gamification-study/white-hat-black-hat-gamification-octalysis-framework/"
"P022","Player/User Types (Bartle & HEXAD)","Behavioral Theory & Foundations","gamification / player taxonomy","Frameworks for motivational diversity: Bartle's Achievers/Explorers/Socializers/Killers and Marczewski's SDT-grounded HEXAD (Philanthropists, Socializers, Free Spirits, Achievers, Players, Disruptors).","Different people are motivated by different things; a system tuned for one type alienates others, so designing for a mix broadens appeal.","MMORPGs (WoW) serve all four types; Wikipedia (Philanthropists); loyalty programs (Players)","Ensure your product offers achievement paths, things to discover, ways to connect, and careful competitive outlets; weight mechanics to your audience mix.","No","theory","https://www.gamified.uk/user-types/"
"P023","Player Journey (Onboarding-Habit-Mastery)","Behavioral Theory & Foundations","gamification / engagement lifecycle","Amy Jo Kim's design across time: onboarding (quick early wins), habit-building (triggers and loops), and mastery (the elder game of deep challenge, status, customization).","A user's needs change as expertise grows — novices need scaffolding, regulars need habit loops, experts need fresh challenge — so one-size design loses users at transitions.","Duolingo (onboarding to streak to leagues); WoW (leveling to raiding endgame); SaaS funnels","Design distinct experiences for each lifecycle stage so experts do not churn from boredom.","No","theory","https://amyjokim.com/blog/2014/04/08/the-players-journey/"
"P024","Loss Aversion (Prospect Theory)","Behavioral Theory & Foundations","cognitive bias","Losses loom roughly twice as large as equivalent gains (Kahneman & Tversky); the value function is steeper for losses.","People work harder and take more risk to avoid a loss than to secure a gain, so framing engagement as do-not-lose-what-you-have is more motivating than gain-something.","Snapchat/Duolingo streaks; your-trial-ends-in-2-days; expiring points; auto-converting free trials","Frame stakes as protecting an existing asset (streak, status, progress) and give users something to lose.","Yes (frequently): manufactured loss-dread is a top compulsion driver","theory; duolingo-edtech; meditation-habit; gambling; social-media; fitness-kids","https://www.behavioraleconomics.com/resources/mini-encyclopedia-of-be/loss-aversion/"
"P025","Endowment Effect","Behavioral Theory & Foundations","cognitive bias","People value things more simply because they own them, demanding more to give one up than to acquire it (a special case of loss aversion).","Once something is mine, giving it up registers as a loss; ownership (even virtual or temporary) inflates perceived value and resistance to letting go.","Free trials (you own premium then dread losing it); virtual goods/skins; your customized profile","Let users acquire/own/customize something early so endowment plus future loss aversion drives retention.","Yes (weaponized): manufactured ownership for conversion loss-dread","theory; meditation-habit; gambling; fitness-kids","https://en.wikipedia.org/wiki/Loss_aversion"
"P026","Sunk-Cost Fallacy","Behavioral Theory & Foundations","cognitive bias","People keep investing because of what they have already spent rather than future value, since quitting would realize a loss.","Quitting makes the prior investment a realized loss, which loss aversion makes intolerable, so people throw good resources after bad; the more invested the harder to leave.","500-day streak don't-quit-now; high-level characters; accumulated followers/data","Surface accumulated investment to anchor retention — the honest version reminds of genuine value, not manufactured hostage value.","Yes (weaponized): stored investment trapping users who want to leave","theory; meditation-habit; gambling; social-roleplay","https://www.leadershipiq.com/blogs/leadershipiq/the-sunk-cost-fallacy"
"P027","Goal-Gradient Effect","Behavioral Theory & Foundations","cognitive bias / motivation","Effort and motivation increase as one nears a goal (Hull's rats; Kivetz's coffee-card study showing faster repurchase near completion).","Perceived proximity amplifies the goal's pull; the closer the finish line the more the brain prioritizes completion, an acceleration that is real and measurable.","Progress bars near completion; 2-more-to-unlock; LinkedIn profile-completeness; almost-full loyalty cards","Show progress as proximity (bars, X-to-go) and break long journeys into sub-goals so users are always near a finish line.","Borderline: with illusory progress it shades into manipulation","theory; games; duolingo-edtech; meditation-habit","https://home.uchicago.edu/ourminsky/Goal-Gradient_Illusionary_Goal_Progress.pdf"
"P028","Endowed-Progress Effect (Illusory Head-Start)","Behavioral Theory & Foundations","cognitive bias / motivation","Giving artificial progress toward a goal increases effort to complete it; a pre-stamped card is finished faster than an empty one requiring identical real work.","Framing the goal as already-begun triggers goal-gradient and loss aversion (you do not want to abandon progress you feel you earned) and reduces psychological distance.","Profile 25% complete on signup; pre-filled bars; step-1-free onboarding; tutorial quests pre-checked","Frame any goal as already in progress — start the bar above zero, count signup as step 1 complete.","Borderline: fabricated progress to coerce unintended completion","theory; games; duolingo-edtech; friction-onboarding","https://www.coglode.com/nuggets/endowed-progress-effect"
"P029","Near-Miss Effect","Behavioral Theory & Foundations","cognitive bias / neuroscience (gambling)","Outcomes that fall just short of a win are experienced as almost-winning and increase the urge to continue despite being objective losses.","Near-misses recruit the same striatal/insula win-related reward circuitry as actual wins and elevate dopaminergic response — the brain partly codes almost as win.","Slot reels stopping just off the payline; gacha so-close-to-pity; Candy Crush lost-with-1-move-left","Showing how close a user came toward a real achievable goal can re-motivate; never fabricate near-misses over random outcomes.","Yes: engineered near-misses are a predatory gambling marker","theory; games; gambling","https://www.ncbi.nlm.nih.gov/pmc/articles/PMC2658737/"
"P030","Zeigarnik Effect (Open Loops)","Behavioral Theory & Foundations","cognitive bias / memory","Interrupted or incomplete tasks create more mental tension and are kept active until resolved (Zeigarnik, Lewin's lab).","An unfinished task creates a quasi-need — a tension state that intrudes on attention until resolved, so open loops nag for closure.","Profile 80% complete; cliffhanger episode endings; unread badges; 1-step-left-to-finish-setup","Create deliberate open loops (incomplete progress, cliffhangers, partially filled bars) that users want to resolve by returning.","Borderline: manufactured perpetual incompleteness to nag","theory; duolingo-edtech; meditation-habit","https://en.wikipedia.org/wiki/Zeigarnik_effect"
"P031","Ovsiankina Effect (Resumption Tendency)","Behavioral Theory & Foundations","cognitive bias / motivation","People spontaneously resume an interrupted task even with no external reward or reminder (Ovsiankina, Lewin's lab).","The interrupted task forms a tense quasi-need seeking discharge, pulling the person back to complete it autonomously.","Continue watching / resume where you left off; finish-your-draft; abandoned-cart; saved game progress","Make resuming interrupted activities trivially easy (one-tap continue) and leave tasks resumable rather than forcing restart.","Borderline: endless continue-to-next-episode autoplay weaponizes it","theory; friction-onboarding","https://en.wikipedia.org/wiki/Ovsiankina_effect"
"P032","Peak-End Rule","Behavioral Theory & Foundations","cognitive bias / memory","People judge an experience by its most intense moment (peak) and its end, largely neglecting duration (Kahneman).","Memory compresses experiences into a few salient snapshots, and remembered (not experienced) utility drives whether people return.","Duolingo lesson-end confetti; game victory fanfares; a delightful checkout confirmation","Invest disproportionately in peaks and endings; end every session/flow on a positive satisfying note.","No: a benign pro-user heuristic","theory; duolingo-edtech; meditation-habit; fitness-kids","https://www.nngroup.com/articles/peak-end-rule/"
"P033","Fresh-Start Effect","Behavioral Theory & Foundations","cognitive bias / motivation","Temporal landmarks (new week, month, year, birthday, Monday) boost motivation to pursue goals by creating distance from past failures (Dai, Milkman & Riis).","Landmarks open new mental-accounting periods, relegating past imperfections to a prior self and prompting an aspirational view; commitments measurably spike.","New-Year-New-You; Start-your-week-strong Monday prompts; birthday re-engagement; Day-1 reset framing","Time onboarding, re-engagement and goal-setting around landmarks; offer fresh-start resets after a lapse.","No: generally pro-user, helps users restart","theory; meditation-habit; friction-onboarding","https://faculty.wharton.upenn.edu/wp-content/uploads/2014/06/Dai_Fresh_Start_2014_Mgmt_Sci.pdf"
"P034","IKEA Effect","Behavioral Theory & Foundations","cognitive bias","People value things they partially created or assembled disproportionately highly — labor leads to love (Norton, Mochon & Ariely).","Effort invested becomes psychologically fused with the object, signaling competence and ownership and inflating valuation; effort leads to attachment and retention.","Customized avatars/profiles; user-built Notion workspaces; curated playlists; a tuned game character","Have users build something within the product (customize, configure, curate, create) so the effort creates attachment and switching costs.","No (mostly): borderline only if effort is manufactured busywork","theory; meditation-habit; social-roleplay; fitness-kids","https://en.wikipedia.org/wiki/IKEA_effect"
"P035","Default / Status-Quo Bias","Behavioral Theory & Foundations","cognitive bias / choice architecture","People stick with the default or existing state, requiring strong reasons to deviate; opt-out beats opt-in by large margins.","Defaults reduce cognitive effort, carry an implied recommendation, and changing them feels like an active loss; most users never change a default.","Pre-checked subscribe; default notifications on; autoplay next; recommended plan pre-selected","Set defaults toward the genuinely best choice for the user and pre-fill anything you already know, always allowing easy override.","Yes (frequently): defaults against the user (pre-checked add-ons)","theory; friction-onboarding","https://www.behavioraleconomics.com/resources/mini-encyclopedia-of-be/nudge/"
"P036","Temporal Discounting / Present Bias","Behavioral Theory & Foundations","cognitive bias / intertemporal choice","People disproportionately value immediate rewards over future ones, discounting the future hyperbolically and reversing preferences.","Immediate rewards trigger stronger limbic/dopamine activation than abstract future ones, so engagement products win by offering instant gratification.","Instant likes/notifications; immediate game rewards; play-now; one-tap impulse purchases","Front-load rewards to make value immediate; counter present bias for pro-user design with commitment devices.","Yes (weaponized): exploiting impulse against long-term interest","theory; friction-onboarding","https://en.wikipedia.org/wiki/Hyperbolic_discounting"
"P037","Curiosity / Information-Gap Theory","Behavioral Theory & Foundations","cognitive bias / motivation","Curiosity arises from a perceived gap between what one knows and wants to know; awareness of the gap feels like deprivation, peaking at moderate gaps (Loewenstein).","The information gap is experienced as a craving for resolution; teasing what-you-almost-know creates an itch the user scratches by engaging.","Clickbait (you-won't-believe); see-who-viewed-your-profile; blurred-preview reveals; quiz apps","Open small resolvable information gaps (tease partial info, preview-but-withhold, blur-then-reveal) calibrated to moderate uncertainty.","Yes (weaponized): low-payoff clickbait bait-and-switch","theory; fitness-kids","https://www.cmu.edu/dietrich/sds/docs/golman/Information-Gap%20Theory%202016.pdf"
"P038","Cialdini's Principles of Persuasion","Behavioral Theory & Foundations","persuasion / social influence framework","Seven near-universal levers that increase compliance: reciprocity, commitment/consistency, social proof, authority, liking, scarcity, unity.","Each is an evolved heuristic shortcut that fires largely automatically (click-whirr), letting one cue trigger compliance without deliberation.","Free trials (reciprocity); foot-in-the-door signups (consistency); 10,000-joined (social proof); only-2-left (scarcity)","Layer levers to the moment — reciprocity to open, consistency to escalate, social proof under uncertainty, scarcity at decision points.","Yes (several when faked): fake scarcity/social proof are common dark patterns","theory; games; social-roleplay","https://www.influenceatwork.com/7-principles-of-persuasion/"
"P039","Habit Loop & Basal-Ganglia Automaticity","Goals, Streaks & Habit Formation","neuroscience / habit formation","Habits are a cue-routine-reward loop; with repetition in a stable context control shifts from deliberate prefrontal cortex to automatic basal ganglia.","Basal-ganglia activity gets chunked — spiking at cue and reward but quiet during the routine — so the behavior runs as one automated unit and persists for years.","Reflexively opening Instagram on unlock; the morning Wordle ritual; checking email first thing","Engineer all three parts: a reliable cue, a tiny easy routine, an immediate reward; anchor to an existing stable context for fastest automation.","Borderline: value-neutral — serves or harms depending on the habit","theory; meditation-habit; social-media","https://www.simplypsychology.org/operant-conditioning.html"
"P040","Cue-Routine-Reward Loop Engineering","Goals, Streaks & Habit Formation","habit-loop architecture","Deliberately design the trigger (cue), behavior (routine) and immediate satisfying payoff (reward) so the loop self-reinforces (Duhigg).","Habits form as cue-routine-reward loops and the brain begins to crave the reward when it senses the cue, so engineering all three closes the loop.","Calm reminder-session-chime; Plant Nanny reminder-log-plant-grows","Make the cue concrete, the routine tiny, and the reward immediate and felt within the same session — never deferred.","No: but keep the routine genuinely valuable","meditation-habit","https://www.mindtools.com/aapqtdb/the-hook-model-of-behavioral-design/"
"P041","Tiny Habits / Two-Minute Rule","Goals, Streaks & Habit Formation","behavior-design / habit formation","Build behaviors by shrinking them to the tiniest version (under 30 seconds / two minutes), anchoring to an existing routine, and celebrating immediately (Fogg, Clear).","A behavior small enough to need almost no motivation runs regardless of mood; immediate celebration wires the habit in faster than repetition, and starting is the hardest part.","Duolingo just-one-lesson; meditation one-minute sessions; floss-one-tooth; put-on-running-shoes","Set the minimum bar absurdly low so the loop survives bad days; reward completion with immediate positive affect; let users scale up voluntarily.","No: one of the most user-aligned mechanics","theory; meditation-habit; friction-onboarding","https://goalsandprogress.com/tiny-habits-fogg-behavior-model-explained/"
"P042","Habit Anchoring / Habit Stacking","Goals, Streaks & Habit Formation","cue design","Tie a new behavior to an existing rock-solid routine using After-[current habit]-I-will-[new habit].","The existing routine becomes the prompt, reducing the ability cost of remembering to near zero and leveraging established neural pathways.","Fabulous rituals (wake-water-stretch-meditate); after-my-coffee-I-will; practice-on-your-commute","During setup attach each new habit to a specific existing routine (not a clock time) and surface the anchor in reminder copy.","No","meditation-habit; friction-onboarding","https://grahammann.net/book-notes/atomic-habits-james-clear"
"P043","Implementation Intentions (If-Then Planning)","Goals, Streaks & Habit Formation","planning / cue specification","Have users pre-specify when, where and how they will act: If-it's-8am-and-I'm-at-my-desk-then-I'll-breathe (Gollwitzer).","If-then plans pre-load a situation-to-response link (d about .65 across 94 studies), automating action so it no longer depends on in-the-moment willpower.","Apps capturing a specific time and place per habit; flu-shot when-will-you-go studies; Fabulous ritual-builder","Capture the situational trigger (place/preceding event) not just a time, and phrase reminders as the if half of the plan.","No","meditation-habit; friction-onboarding","https://www.prospectivepsych.org/sites/default/files/pictures/Gollwitzer_Implementation-intentions-1999.pdf"
"P044","Daily Streaks (Consecutive-Day Counter)","Goals, Streaks & Habit Formation","habit loop / loss aversion","A visible counter of consecutive days completing an activity that resets to zero if a day is missed, making the number itself an asset to protect.","Combines loss aversion (a long streak is terrifying to lose), commitment/consistency and endowed progress; a 7+ day streak makes a Duolingo learner 3.6x more likely to complete.","Duolingo streaks; Snapchat Snapstreaks; Apple Watch streaks; Fitbit; BeReal","Show a prominent counter, use percentage framing early, surface it on the home screen and in notifications, and pair with grace mechanics.","Borderline: weaponizes anxiety/obligation absent forgiveness","games; duolingo-edtech; meditation-habit; gambling; social-media; social-roleplay; fitness-kids","https://blog.duolingo.com/how-duolingo-streak-builds-habit"
"P045","Streak Freeze / Forgiveness & Repair","Goals, Streaks & Habit Formation","forgiveness mechanic / motivation science","Mercy infrastructure — banked freezes, repair, grace/rest days — so one missed day does not erase weeks of accumulated streak.","Building in slack increases long-term persistence (Penn/UCLA emergency-reserves research) by avoiding the what-the-hell abstinence-violation effect that triggers total abandonment.","Duolingo Streak Freeze (doubling availability +0.38% DAU) and Repair; rest-days-don't-break-the-streak","Build in a forgiveness budget (a free freeze, rest days); auto-apply protection on a miss; communicate forgivingly (Your streak is safe).","Borderline (mostly pro-user): selling repairs at a vulnerable moment edges toward exploitation","duolingo-edtech; meditation-habit; friction-onboarding","https://blog.duolingo.com/how-duolingo-streak-builds-habit"
"P046","Streak Milestones & Identity Recognition","Goals, Streaks & Habit Formation","status / identity","Special recognition, badges and exclusive cosmetics for long streaks (7/30/100/365-day celebrations, a Streak Society) tied to identity language.","Sunk-cost plus identity-based habit (I'm-a-100-day-learner) plus milestone celebrations deliver intermittent peaks; improving milestone animations raised 7-day retention +1.7%.","Duolingo milestone screens and Streak Society; meditation streak milestones","Celebrate round-number milestones with disproportionate fanfare and tie identity language to the streak.","No: but milestone fanfare amplifies sunk-cost pressure","duolingo-edtech","https://trophy.so/blog/duolingo-gamification-case-study"
"P047","Don't-Break-the-Chain Visualization","Goals, Streaks & Habit Formation","continuity mechanics / progress visualization","A visible growing chain of marked days (Seinfeld's calendar of X's) the user is motivated not to interrupt.","Loss aversion plus the visceral satisfaction of an unbroken visual record; the chain externalizes consistency into a tangible artifact worth protecting.","Streaks app; Way of Life; Habitica; habit-tracker calendar grids","Make the chain prominent and beautiful and pair it with forgiveness so it motivates without becoming a guilt machine.","Borderline: same loss-aversion engine as streaks","meditation-habit","https://lisanotes.com/to-break-or-not-to-break-the-chain/"
"P048","Customizable Daily Goals","Goals, Streaks & Habit Formation","goal-setting / self-determination","User-chosen daily commitment (e.g., Casual/Regular/Serious = 5/10/15 min expressed as an XP or ring target).","Goal-setting theory (self-chosen specific goals beat vague ones) plus autonomy (SDT); personalization prevents repeated failure that would break the streak.","Duolingo daily XP goal; Khan Academy time goals; fitness apps' daily move/ring goals","Let users self-select an achievable daily target and default low to build early wins.","No","duolingo-edtech; fitness-kids","https://trophy.so/blog/duolingo-gamification-case-study"
"P049","Clear Quests & Specific Objectives","Goals, Streaks & Habit Formation","goals","Explicit measurable objectives that direct the user (Kill 10 wolves, Reach the tower); specific goals outperform do-your-best.","Locke & Latham goal-setting theory — specific measurable goals drive more effort than vague ones and are a prerequisite for flow.","WoW quest log; GTA mission markers; achievement Kill-3000-zombies","Always give a clear current objective with measurable completion; stack short- and long-term goals; quantify (3 of 10).","No","games","https://www.psychologyofgames.com/2016/07/why-do-achievements-trophies-and-badges-work/"
"P050","Daily Quests & Rotating Objectives","Goals, Streaks & Habit Formation","goal variety / completion drive","A small set of short challenges that refresh every 24 hours (earn N XP, complete N lessons), each rewarding a chest.","Zeigarnik open-task pull plus variety keeps daily play fresh plus the completion urge; dailies also feed larger weekly/monthly meta-goals.","Duolingo Daily Quests; Genshin daily commissions; Fortnite daily challenges; fitness daily challenges","Rotate a few fresh achievable daily objectives that nest into a larger weekly/monthly meta-goal.","Borderline: dailies pressure daily return","games; duolingo-edtech; fitness-kids","https://duolingoguides.com/what-is-a-quest-in-duolingo/"
"P051","Nested Goals (Daily-Weekly-Monthly Meta-Goals)","Goals, Streaks & Habit Formation","long-horizon goals / collection","A long-horizon meta-goal (a month-long challenge with a unique badge) that smaller daily quests and friend quests feed into.","Goal nesting ladders small daily wins up to a big one; collection/completionism plus the unique time-limited badge plus the endowed-progress loop.","Duolingo monthly challenge + badges; Apple Fitness monthly challenges","Wrap daily actions in a monthly arc with a unique unrepeatable badge so missing a month leaves a permanent gap.","Borderline: time-limited exclusivity exploits FOMO/completionism","duolingo-edtech","https://duolingo.fandom.com/wiki/Challenges"
"P052","Goal-Completion Loops (Close-Your-Rings)","Goals, Streaks & Habit Formation","fitness / closure","Representing a daily goal as an unfinished shape or bar that visibly wants to be closed, bundling disparate goals into one binary day-won state.","Exploits the Gestalt Principle of Closure — the brain's drive to complete unfinished shapes creates a mental itch — and a single day-won state is easier to commit to than three metrics.","Apple Watch Activity Rings; fitness step dials; Duolingo daily XP ring","Express the day's commitment as one visual object with an obvious filled-vs-empty state; keep to roughly 3 simultaneous goals.","Mostly No: unclosed-ring perfectionism can override needed rest","fitness-kids","https://trophy.so/blog/the-psychology-of-apple-watchs-close-your-rings"
"P053","Appointment Mechanics (Timed Return)","Goals, Streaks & Habit Formation","habit / retention","Incentivizing the user to return at a specific future time to take an action or lose value (Pincus's golden mechanic).","Schedules a future commitment paired with loss aversion (crops wither if you do not return), training a real-world routine around the product.","FarmVille crop-harvest windows; mobile your-hero-returns-in-3h; Plant Nanny hydration timing","Create reasons to return at a chosen time and offer multiple interval lengths to fit different lives; use lightly.","Borderline: designed-in shame for not returning exploits guilt","games; meditation-habit","https://stratsynergy.wordpress.com/2010/09/29/farmvilles-golden-game-mechanic/"
"P054","Ritual Design (Habit Elevated to Meaning)","Goals, Streaks & Habit Formation","meaning / ceremony","Wrap a behavior in repeated slightly ceremonial structure so it feels like a meaningful ritual rather than a transactional task.","Rituals increase perceived value, reduce anxiety and boost adherence (Norton, Gino) and make behaviors more automatic and resilient than isolated tasks.","Fabulous morning/wind-down rituals; Calm bedtime Sleep Story; Stoic morning/evening ceremony","Bundle related micro-habits into a named ritual with a consistent opening and closing and a sense of occasion.","No","meditation-habit","https://www.thefabulous.co/science-behind-fabulous/"
"P055","Keystone Habits & Habit Layering","Goals, Streaks & Habit Formation","leverage / sequencing","Start with one foundational keystone habit that creates ripple effects, then layer additional habits onto it gradually as confidence grows.","Certain habits (exercise, morning water) trigger cascades of other positive behaviors (Duhigg); gradual layering avoids overwhelm and lets each stabilize.","Fabulous starts everyone with drink-water-on-waking; Noom small food-logging keystones","Pick one keystone, stabilize it, then add; sequence difficulty upward as self-efficacy grows.","No","meditation-habit","https://www.thefabulous.co/science-behind-fabulous/"
"P056","Commitment Devices & Stakes","Goals, Streaks & Habit Formation","pre-commitment / loss aversion","Let users bind their future selves by putting something at stake (money, a public pledge, an anti-charity donation on failure) with a referee.","Commitment devices exploit present bias and loss aversion by making deviation costly; StickK data shows staking money makes users ~3x more likely to hit goals, +20% with social accountability.","StickK contracts with referees/anti-charities; Beeminder auto-charges; gym buddies; Save-More-Tomorrow","Offer optional user-chosen proportionate stakes (financial or reputational) at the high-motivation moment; keep them escapable.","Borderline: predatory if the app profits from failure or pushes vulnerable users","meditation-habit; social-roleplay; friction-onboarding","https://www.stickk.com/"
"P057","Temptation Bundling","Goals, Streaks & Habit Formation","reward pairing","Pair a should-behavior with a want the user only allows themselves during it (audiobook only while walking, a show only on the elliptical).","Coupling an instantly gratifying indulgence to a delayed-payoff chore (Milkman) imports immediate reward into the task and increases adherence.","Calm/Headspace Sleep Stories bundling narrative with wind-down; entertainment during workouts","Offer pleasurable content inside the healthy behavior so indulgence and habit fire together; let users define their own bundle.","No","meditation-habit","https://www.strategy-business.com/article/00266"
"P058","The Interaction Loop (Skill Atom)","Core Loops & Feedback","core gameplay loop","The atomic unit of gameplay — a repeating Decision-Action-Simulation-Feedback-Modeling cycle through which the player learns and masters one skill.","Each successful prediction/learning event triggers a small dopamine release; the brain is a pattern-recognizing machine intrinsically rewarded for building accurate cause-effect models.","Mario's jump; a Tetris placement; an aim-and-shoot loop in any FPS","Make every core action give immediate legible feedback; the smallest unit of your product should be satisfying before any meta-systems.","No","games","https://lostgarden.com/2021/03/13/the-chemistry-of-game-design-2/"
"P059","Nested Loops (Second-Minute-Session-Day)","Core Loops & Feedback","core gameplay loop","Loops are fractal — a fast moment-to-moment loop sits inside a minute loop inside a session inside daily/seasonal loops, each wrapping shorter ones in a reward.","Layering loops means there is always a near-term reward seconds away and a longer goal, keeping short-term dopamine and long-term anticipation both active.","Civilization (unit-turn-tech-era); Destiny 2 (shoot/loot-activity-weekly-seasonal)","Design explicit loops at multiple timescales; ask what the user gets in 10 seconds, 5 minutes, today and this week, each with a satisfying close.","No: stacking too many time-gated outer loops tips into obligation","games; duolingo-edtech","https://lostgarden.com/2012/04/30/loops-and-arcs/"
"P060","The Compulsion Loop (One More Turn)","Core Loops & Feedback","core gameplay loop","A tightly designed activity-reward-reveal cycle whose close immediately seeds the next, producing just-one-more-turn momentum with no clean stopping point.","Anticipation of the next reward drives dopamine before it arrives; closing one loop reveals the next, so stopping feels like loss (withdrawal-driven).","Civilization end-turn button; Slay the Spire card draws; Vampire Survivors survive-to-upgrade","End each unit of activity by surfacing the next goal just out of reach with a low-friction continue button; respect the user's intent.","Borderline: removing natural stopping points to extend sessions","games","https://mssv.net/2010/08/16/one-more-turn/"
"P061","Game Feel / Juice (Disproportionate Feedback)","Core Loops & Feedback","moment-to-moment feel","Layering rich exaggerated audiovisual feedback (screenshake, particles, hit-stop, sound, squash/stretch) onto simple inputs so actions feel powerful and alive.","Sensory feedback amplifies perceived consequence, strengthening the feedback stage of the skill atom; tactile satisfaction makes repetition pleasurable in itself.","Vlambeer/Nuclear Throne (Art of Screenshake); Vampire Survivors level-up chimes; Candy Crush cascades","Add cascading visual/audio responses to minimal input; make the most-repeated action the juiciest; outputs slightly bigger than inputs.","No: over-juicing can fatigue/distract","games; duolingo-edtech; fitness-kids","https://www.gdcvault.com/play/1016487/Juice-It-or-Lose"
"P062","Game Feel — Responsive Real-Time Control","Core Loops & Feedback","moment-to-moment feel","The aesthetic sensation of directly fluidly controlling a virtual object, with the input-feedback loop closing fast enough (under ~100ms) to feel instantaneous (Swink).","Responses under the correction cycle feel like real-time control; polish sells a robust nuanced sense of physical interaction with the smallest clues, delivering the pleasure of embodied control.","Mario platformers; momentum/rubber-banding touch scrolling; 1:1 finger-tracking drag; instrument apps","Keep input-to-feedback latency under ~100ms, make controls track intent 1:1, and add polish (easing, anticipation, follow-through).","No","games; fitness-kids","https://en.wikipedia.org/wiki/Game_feel"
"P063","Microinteractions (Trigger-Rules-Feedback-Loops)","Core Loops & Feedback","delight-juice / interaction design","The small single-purpose moments around one task (a toggle, a like, pull-to-refresh) designed deliberately as a complete little experience (Saffer's four-part anatomy).","Clear trigger, sensible rules, immediate feedback and graceful repeat behavior make interactions feel intuitive, confirmed and meaningful; details are where products express care.","iOS toggles; the X heart animation; pull-to-refresh elastic snap; form-field validation as you type","Treat each tiny action as a designed unit and sweat the signature moments users touch most.","No","fitness-kids","https://blog.prototypr.io/the-4-components-of-a-microinteraction-836732173c7c"
"P064","Multisensory Feedback (Haptics + Sound + Animation)","Core Loops & Feedback","multisensory reinforcement","Confirming actions through coordinated tactile (vibration), auditory and visual responses tuned to the tone of the moment.","Recruiting more senses makes interactions feel realer and more satisfying; precise haptics communicate success/warning/selection nonverbally, deepening the embodied feel of progress.","iOS Taptic Engine classes; Duolingo haptics; ka-ching payment confirmations; switch flips with click+bounce","Pair visual feedback with intentional haptics and sound, design distinct haptic vocabularies, and respect mute/reduce-motion settings.","No","duolingo-edtech; fitness-kids","https://medium.com/@mi9nxi/haptic-feedback-in-ios-a-comprehensive-guide-6c491a5f22cb"
"P065","Reward Sound Design (Dopamine-Tuned Audio)","Core Loops & Feedback","multisensory reinforcement","Distinct pleasant audio cues — a correct-answer ding, a gem-pop, a major-chord lesson-complete jingle — tied to progress.","Pleasant predictable audio acts as a conditioned reinforcer tying progress to pleasure; bright major-chord motifs are designed to feel rewarding.","Duolingo SFX (sampled as memes); Tinder match sound; slot reel-stop jingles; game chimes","Craft a short recognizable pleasant reward sound for success; consistency makes it a conditioned cue.","No: in gambling the same primitive is calibrated to addict not inform","duolingo-edtech; gambling","https://soundcy.com/article/what-does-duolingo-sound-like"
"P066","Clear Goals + Immediate Feedback (Flow Preconditions)","Core Loops & Feedback","flow theory (core condition)","Two essential flow antecedents: clear proximate goals plus immediate unambiguous progress feedback.","Clear goals direct attention and let users self-regulate; immediate feedback closes the action-consequence loop so the user always knows where they stand, sustaining absorption.","Progress bars; instant XP/score popups; real-time error highlighting; a fitness ring filling as you move","Make every action's result visible instantly and break large goals into clear sub-goals with visible progress.","No","theory","https://mlpp.pressbooks.pub/mavlearn/chapter/flow-theory/"
"P067","XP / Points as Universal Currency","Core Loops & Feedback","progress feedback / scorekeeping","A points score earned for activity that visibly accumulates and feeds levels, leagues and goals, tying multiple systems together.","Immediate feedback and quantified progress satisfy competence and create a tight reward loop; one currency as connective tissue makes progress feel coherent.","Duolingo XP; Khan Academy energy points; nearly all gamified apps","Give every action a visible point value and make one currency tie multiple systems together.","No: points can incentivize quantity over quality","duolingo-edtech","https://trophy.so/blog/duolingo-gamification-case-study"
"P068","Celebration Animations & Confetti (Peak Moments)","Reward Systems & Reinforcement","reward feedback / juice","Bursts of confetti, fanfare screens and level-up animations on completion, scaled to the size of the achievement.","Peak-end rule — a vivid celebratory peak at session end colors the memory of the whole experience; immediate positive feedback reinforces the behavior.","Duolingo lesson-complete confetti; Asana's flying unicorn; Apple Watch ring-close; checkout success confetti","End every session on an emotional high and scale the celebration to the achievement; do not confetti trivial or company-serving events.","No: mis-targeted celebrations erode trust","duolingo-edtech; meditation-habit; fitness-kids","https://uxplanet.org/why-confetti-celebrations-backfire-and-how-to-make-them-work-be838a6e7b8b"
"P069","Anticipation to Celebration (Suspense then Payoff)","Reward Systems & Reinforcement","temporal / dramatic structure","Building tension toward a reward then releasing it with an outsized celebratory payoff at the moment of accomplishment.","Anticipation primes the dopamine system and stretching the uncertain interval maximizes the anticipatory window; the release rewards the effort (peak-end).","Duolingo lesson fanfare; loot-box opening sequences; gacha summon animations; rolling-up a win count","Build a little anticipation before real user-meaningful peaks and scale the animation to the gravity of the moment.","Borderline: artificially lengthening reveals to milk arousal is manipulation","duolingo-edtech; gambling; fitness-kids","https://en.wikipedia.org/wiki/Peak%E2%80%93end_rule"
"P070","Variable / Intermittent Rewards (Applied)","Reward Systems & Reinforcement","reinforcement schedule","Unpredictable reward payouts in practice — chests/drops whose contents and tiers vary — to sustain a grind that would otherwise feel monotonous.","Variable-ratio reinforcement is the most powerful behavioral driver; unpredictability heightens dopaminergic anticipation so each engagement carries suspense.","Diablo/Borderlands loot; Duolingo chests; Hearthstone packs; social-feed refresh","Make some rewards unpredictable in size/type to sustain anticipation; reserve fixed rewards for guaranteed milestones.","Borderline: neutral for earned drops, dark when monetized as chance","games; duolingo-edtech; meditation-habit; social-media; fitness-kids","https://www.gamedeveloper.com/design/behavioral-game-design"
"P071","Variable Rewards Ethically Bounded","Reward Systems & Reinforcement","reinforcement / surprise","Mild bounded unpredictability layered on reliable rewards — a surprise companion adventure, a random encouraging message — to add freshness without compulsion.","Variable-ratio reinforcement sustains behavior and novelty triggers dopamine anticipation, but kept gentle it keeps the loop fresh rather than addictive.","Finch's bird returning from adventures; Insight Timer surprise community moments; occasional bonus drops","Add a light sprinkle of pleasant surprise on top of reliable rewards; apply the regret test — would users be glad they engaged.","Borderline: variable reward is the core slot-machine engine; bound it tightly","meditation-habit","https://www.appcues.com/blog/variable-rewards"
"P072","Loss-Prevention / Avoidance Contingencies","Reward Systems & Reinforcement","reward schedule","Motivating action to prevent a loss rather than gain a reward (maintain a house or it decays, tend crops or they wither).","Loss aversion — the pain of loss is ~2x the pleasure of equal gain — so loss-prevention drives engagement even when no new reward is offered.","Ultima Online housing decay; FarmVille crops withering; streak-loss in Duolingo","Use a small amount of protect-what-you've-built sparingly to sustain return visits; over-use causes burnout.","Borderline: manufacturing anxiety/loss to compel logins","games","https://www.gamedeveloper.com/design/behavioral-game-design"
"P073","Surprise & Delight as Strategy (Unexpected Rewards)","Reward Systems & Reinforcement","delight / surprise","Deliberately exceeding expectations with unanticipated positive moments — surprise gifts, recognition, bonuses, or perks.","Unexpected positives create good cognitive dissonance that sparks curiosity and lifts the whole experience; gratitude strengthens loyalty (94% felt more positive after a surprise gift).","Surprise discounts/upgrades; unexpected loyalty perks; airline/hotel surprise upgrades; a thank-you note","After meeting baseline needs layer in occasional genuine well-timed unearned-feeling bonuses; vary them so they stay surprising.","No: provided surprises are genuine value not upsell bait","fitness-kids","https://infinum.com/blog/surprise-and-delight/"
"P074","Big-Win Conditioning & Early-Win Seeding","Reward Systems & Reinforcement","onboarding reinforcement / memory anchoring","Delivering an outsized or early win to anchor the experience — the unforgettable first big win the player then chases.","A big win produces a powerful dopamine/memory anchor and can trigger fresh cognitive distortions; early wins inflate expectations and build the habit before losses set in.","Memorable jackpot anchoring; demo/early-session wins tuned high; tutorials rigged so the new user wins","A warm welcome and early success build legitimate confidence; never seed early wins to create a false baseline the product won't sustain.","Yes (when deceptive): anchors to an unrepresentative high","gambling","https://basisonline.org/2023/11/28/cognitive-distortions-following-big-win-simulated-slot-machine/"
"P075","Chain Schedules (Next-Stage-as-Reward)","Reward Systems & Reinforcement","reward schedule","Multi-stage tasks where unlocking the next stage is itself the reward, with the final payoff at the end of the chain.","Players come to treat access-to-the-next-step as intrinsically rewarding, sustaining effort across long quest chains without per-step payouts.","RPG quest chains; multi-stage puzzles; Destiny exotic-weapon quest steps","Break a big goal into a visible sequence of unlocking stages, each rewarding by revealing the next; show the whole chain.","No","games","https://www.gamedeveloper.com/design/behavioral-game-design"
"P076","Bonus Rounds & Free Spins (Sub-Goal Anticipation)","Reward Systems & Reinforcement","goal-gradient / intermittent feature reward","A special mode (free spins, pick-a-prize, wheel) unlocked by collecting triggers, layering a second anticipation loop on top of the base loop.","Bonus rounds turn every base action into a sub-goal (am-I-getting-closer); the anticipation of triggering the bonus releases dopamine and retriggers extend the high.","Slot free-spins/pick-bonus; collect-3-to-unlock; combo/multiplier modes; fill-the-meter-for-a-bonus","Bonus content rewarding genuine engagement/skill is core legitimate design; do not use bonus anticipation to push wagering through losses.","Yes (in gambling): sub-goals maximize persistence on negative-EV play","gambling","https://www.slingo.com/blog/guides/why-do-online-slots-have-bonus-rounds/"
"P077","XP / Time-Limited Boosts (Multipliers)","Reward Systems & Reinforcement","variable reward / urgency","Temporary 2x or timed XP multipliers awarded from chests/quests/friends, active for a short window.","Scarcity and urgency drive a session right now; intermittent/variable reward (random chest contents) keeps anticipation high.","Duolingo XP boosts; games' double-XP weekends","Drop time-boxed multipliers to convert a passive moment into an active session, especially right after a reward.","Borderline: manufactures urgency to drive immediate consumption","duolingo-edtech","https://trophy.so/blog/duolingo-gamification-case-study"
"P078","Currency Sinks & Faucets (Economy Tuning)","Reward Systems & Reinforcement","economy design","Balancing sources (faucets) that grant currency against sinks that remove it, to control scarcity, inflation and perceived reward value.","Scarcity creates value; too generous a faucet devalues rewards and kills motivation to earn them, while hard sinks fight inflation.","WoW repair costs/auction fees; Path of Exile crafting; EVE ship loss as a sink","Tune the sink/faucet ratio so currency stays meaningfully scarce; use hard sinks to keep long-term value.","No: dark variant is engineering scarcity to force purchases","games","https://machinations.io/articles/game-economy-design-free-to-play-games"
"P079","Experience Points & Levels (Numeric Growth)","Progression & Mastery","progression systems","A steadily accruing numeric track (XP to level) that quantifies advancement and gates new content/power.","Visible quantified progress satisfies competence and provides a constant near-term goal (almost level 12); leveling is a reliable reward and the dopamine loop of do-task-earn-XP-unlock.","Any RPG; Call of Duty prestige; Zwift levels + gear; Fortnite account levels","Quantify advancement with a clear bar, front-load frequent early level-ups then stretch intervals, and always show the next threshold.","Caution: endless XP treadmills can become compulsive grind","games; duolingo-edtech; fitness-kids","https://www.gamedeveloper.com/design/behavioral-game-design"
"P080","Skill Trees & Branching Unlocks","Progression & Mastery","progression systems","A graph of unlockable upgrades/abilities the player chooses among, creating a personalized build and a roadmap of future goals.","Combines competence (growing power) with autonomy/authorship (you chose this build); the visible tree creates anticipation and interesting decisions about what to unlock next.","Path of Exile passive tree; Hades boon system; Rogue Legacy 2 castle skill tree","Let users see locked future power and choose their path; branching specializations increase replay and identity without forcing one optimal path.","No","games","https://gamerant.com/roguelite-games-with-best-progression-systems/"
"P081","Meta-Progression (Persistent Power Between Sessions)","Progression & Mastery","progression systems","Permanent upgrades that persist across failed runs/sessions so even losing yields lasting progress toward future success.","Converts failure into progress, softening the sting of loss and guaranteeing the session counted, sustaining motivation in otherwise punishing loops.","Hades Mirror of Night; Dead Cells blueprints; Rogue Legacy heir upgrades","Ensure no session is wasted — bank a sliver of permanent progress from every attempt; beware mandatory grind walls.","No: unless meta-progression is paywalled to force purchases","games","https://choostgames.com/blog/best-roguelites-power-fantasy/"
"P082","Progression Systems (XP-Levels-Unlocks, applied)","Progression & Mastery","delight-juice / fitness","A visible accumulating ladder (points to levels to unlocked content/abilities) that quantifies investment and steadily grants new capability or status.","Visible progress bars read as imminent reward; leveling satisfies SDT competence and gives a clear metric of mastery, driving persistence and habit formation.","RPG leveling; Zwift levels + unlockable gear; LinkedIn profile-strength meter; fitness tiers","Make progress visible and incremental, pace rewards so each session yields perceptible advancement, and gate genuinely desirable unlocks.","Caution: avoid manufactured grind that inflates session time","fitness-kids","https://www.numberanalytics.com/blog/deep-dive-game-progression-systems"
"P083","Flow Channel (Challenge-Skill Balance)","Progression & Mastery","difficulty & flow","Keeping perceived challenge matched to the player's growing skill so they stay in the flow channel — too high causes anxiety, too low causes boredom.","Total absorption requires a task just beyond reach but achievable; the brain seeks the edge of competence, and dynamic balance keeps the user stretched but not overwhelmed.","Dark Souls difficulty curves; Journey/flOw; chess apps matching opponent strength","Ramp difficulty in step with measured user skill, provide clear goals and instant feedback, and offer multiple difficulty entry points.","No: one of the most pro-user mechanics","games; duolingo-edtech; theory","https://www.jenovachen.com/flowingames/Flow_in_games_final.pdf"
"P084","Dynamic / Adaptive Difficulty Adjustment","Progression & Mastery","difficulty & flow / personalization","Silently tuning challenge up or down in real time based on performance to keep the user in flow, calibrating to keep success rates in a productive zone.","Optimal challenge varies per person, so adapting difficulty empirically increases flow and session length and avoids both boredom and anxiety.","Resident Evil 4 hidden scaling; Left 4 Dead AI Director; Mario Kart rubber-banding; brain-training adaptive levels","Detect when a user is struggling or coasting and adjust challenge/assist invisibly; keep it subtle and calibrate to ~80% success.","No: invisible win-handing to manipulate spend crosses into manipulation","games; duolingo-edtech","https://www.ncbi.nlm.nih.gov/pmc/articles/PMC5954478/"
"P085","Fun-as-Mastery / Pattern Learning","Progression & Mastery","difficulty & flow","Fun is the brain mastering a problem — recognizing and internalizing a new pattern; games are machines for teaching.","The brain gets a dopamine reward for learning because learning aided survival; a game stays fun while feeding novel-but-solvable patterns and bores once mastered.","Tetris (spatial packing); chess; Into the Breach (tactical patterns)","Continuously introduce new patterns at the rate the user masters old ones; when a user has solved your product give them a new layer.","No","games","https://www.shortform.com/summary/a-theory-of-fun-for-game-design-summary-raph-koster"
"P086","Skill Expression & Mastery Ceiling","Progression & Mastery","difficulty & flow","Designing depth so increased player skill produces visibly better outcomes — a high skill ceiling lets experts express mastery and keep chasing.","Mastery is intrinsically motivating (SDT competence); a visible gap between novice and expert gives long-term aspirational goals and makes improvement meaningful.","Fighting-game combos; Counter-Strike recoil control; Trackmania time-trials","Easy to learn, hard to master — build systems where small skill increments yield observable gains, giving advanced users a long runway.","No","games","https://www.ncbi.nlm.nih.gov/pmc/articles/PMC5954478/"
"P087","Easy to Learn, Hard to Master / Primary-Action Design","Progression & Mastery","delight-juice / kids-toys","Intuitive low-barrier controls anyone can pick up immediately, paired with real depth and challenge that reward sustained skill (Miyamoto's primary-action philosophy).","Easy entry creates accessibility/inclusion while genuine challenge delivers the accomplishment only overcoming real difficulty provides; focus on the emotion the player feels.","Super Mario; Wii motion controls; Tetris; Flappy Bird","Identify and perfect the single primary action, make the first minute trivially learnable, layer depth, and teach in-context.","No","fitness-kids","https://www.nyfa.edu/student-resources/nintendo-can-teach-us-game-design/"
"P088","Mastery Learning (Gate on Competence, Not Time)","Progression & Mastery","pedagogy / progression","Learners must demonstrate mastery of a concept before advancing, with personalized practice until proficiency.","Mastery learning (Bloom) builds self-efficacy and avoids the discouragement of moving on while confused; competence is intrinsically motivating.","Khan Academy mastery levels; Duolingo Legendary levels; Brilliant prerequisite gating","Gate progression on demonstrated competence and give targeted remediation rather than a fixed timeline.","No","duolingo-edtech","https://support.khanacademy.org/hc/en-us/articles/202487710"
"P089","Interesting Decisions (Meaningful Trade-offs)","Progression & Mastery","player agency","A game is a series of interesting decisions (Sid Meier) — a choice is interesting when no option dominates, trade-offs are clear, and consequences are visible.","Agency and authorship — players value outcomes they feel they caused; decisions with real consequences create investment and replay variety while trivial choices feel like filler.","Civilization build/research; Slay the Spire card-pick risk/reward; XCOM overwatch-vs-advance","Remove no-brainer options, ensure each meaningful choice has clear pros/cons and a visible consequence.","No","games","https://www.gamedeveloper.com/design/gdc-2012-sid-meier-on-how-to-see-games-as-sets-of-interesting-decisions"
"P090","Make the User Awesome (Competence Focus)","Progression & Mastery","delight-juice / fitness","Designing so the product makes the user feel and become capable/expert in their broader goal, not so the product itself looks impressive (Sierra).","People care how awesome they are when they use it; successful products create expert users by designing a path to mastery, reducing cognitive leaks, and enabling flow.","Strava making you feel like an athlete; GarageBand making you feel musical; Notion power-user mastery","Optimize for the user's real-world success, design an explicit path to mastery, cut cognitive overhead, and give moments to show off competence.","No","fitness-kids","https://www.mindtheproduct.com/video-badass-making-users-awesome-by-kathy-sierra/"
"P091","Interest Curve & Tension Pacing","Progression & Mastery","pacing","Deliberately shaping the rise and fall of tension across a session — a strong hook, escalating peaks, brief relief valleys, and a climactic finish (Schell).","Anticipation and contrast — valleys make peaks feel higher, a hook captures attention up front, and rising action sustains engagement.","Resident Evil tension/relief; roguelike run arcs; breather rooms before bosses","Map your experience as a curve: hook fast, escalate, insert relief valleys, build to peaks; vary intensity rather than running flat.","No","games","https://schellgames.com/art-of-game-design"
"P092","Spaced Repetition (Scheduling for Memory)","Progression & Mastery","learning science / retention engine","Re-presenting material at expanding intervals timed against forgetting, so review happens just before you would forget.","The spacing effect and Ebbinghaus forgetting curve — spacing produces durable long-term memory far better than massed cramming.","Anki SM-2; Duolingo review/practice; Memrise adaptive review; Quizlet Learn","Resurface content on a forgetting-curve schedule and weight reviews toward items the user struggles with.","No: pure pedagogy","duolingo-edtech","https://faqs.ankiweb.net/what-spaced-repetition-algorithm.html"
"P093","Retrieval Practice / Testing Effect","Progression & Mastery","learning science","Learning by actively recalling/producing answers (quizzing) rather than passively reviewing.","The testing effect — the effort of retrieval strengthens memory more than re-reading and is intrinsically more engaging than passive consumption.","Anki/flashcards; Duolingo produce-the-answer exercises; Brilliant solve-it-yourself problems","Make users actively produce answers, not just recognize; the difficulty of recall is a feature.","No","duolingo-edtech","https://www.ncbi.nlm.nih.gov/pmc/articles/PMC4673073/"
"P094","Active Learning / Learning-by-Doing","Progression & Mastery","pedagogy / engagement","Lessons that require the learner to act and solve from the first screen rather than watch/read passively.","Active learning yields higher engagement and retention and rewards thought process, sustaining attention from the first screen.","Brilliant interactive problems; Khan Academy practice exercises; Duolingo exercises","Replace passive content with interactive problems and reward reasoning, not just taps.","No","duolingo-edtech","https://thinkableletters.substack.com/p/brilliant-is-brilliant-but-should"
"P095","Gentle Forgiving Onboarding & Graduated Difficulty","Progression & Mastery","fitness / delight-juice","Starting users far below their ceiling and increasing demand in small achievable steps with built-in recovery and no early failure.","Gradual progression lets skill adapt and builds the real skill of showing up; early wins build self-efficacy and momentum through a virtuous cycle of small successes.","Couch-to-5K run/walk intervals; Duolingo's easy first lessons; tutorial levels","Begin well within reach, increase difficulty in small increments tied to demonstrated capability, build in recovery, and engineer early wins.","No: one of the most pro-user patterns","fitness-kids","https://www.nhs.uk/better-health/get-active/get-running-with-couch-to-5k/couch-to-5k-running-plan/"
"P096","Achievements, Trophies & 100% Completion","Collection & Completion","collection / status","Discrete badges awarded for specified accomplishments, often aggregated into a visible completion score (Platinum, 100%).","Goal completion improves self-efficacy and pursuit of more; achievements double as status/identity signals and extend a product's lifespan with optional goals.","PlayStation Platinum; Steam achievements; Xbox Gamerscore; Duolingo Awards","Add an optional achievement layer with specific measurable criteria, mix easy (early dopamine) and hard (mastery), and make them shareable.","No","games; duolingo-edtech","https://www.gamedeveloper.com/design/psychology-of-achievements-trophies"
"P097","Milestone Celebrations & Achievement Badges","Collection & Completion","reinforcement / progression markers","Marking meaningful thresholds (10 sessions, 30-day streak, first 5K, 100th workout) with badges, animations and in-the-moment acknowledgment.","Milestones provide intermediate goals along the goal gradient, supply completion/mastery rewards, and create memorable peaks; identity framing reinforces (you're a meditator now).","Insight Timer milestone badges; Nike Run Club distance milestones; Peloton live milestones; Strava trophies","Define a ladder of milestones from easy to aspirational, surface the next to create pull, and celebrate each with genuine fanfare.","No: provided badges reward real progress","duolingo-edtech; meditation-habit; fitness-kids","https://www.strivecloud.io/blog/user-retention-examples"
"P098","Personal Records vs Absolute Milestones (Tiered Awards)","Collection & Completion","status / mastery markers","Two-track recognition: Personal Records (your own bests, unlock early) and Awards (milestone badges from trivial to rare).","Competence feedback plus collection plus status; tiering from easy to rare keeps both new and veteran users chasing; a day-one achievement correlated with 33.4% vs 20.4% retention.","Duolingo Personal Records + Awards; Khan Academy badges (incl. rare black-hole); Xbox/PlayStation trophies","Offer an early easy badge plus a long tail of rare ones and split personal-best from absolute-milestone tracks.","No","duolingo-edtech","https://trophy.so/blog/duolingo-gamification-case-study"
"P099","Collection & Set-Completion (Pokedex Drive)","Collection & Completion","collection","A visible finite set of items/creatures/entries to fully complete, where empty slots themselves create pull.","Completionism — the desire to finish a set; empty slots are an open loop the brain wants to close (Zeigarnik), tapping ownership and gotta-catch-em-all drive.","Pokemon Pokedex; Animal Crossing museum/catalog; trading-card binders; achievement collect-all-relics","Show a grid/album with visible empty slots and a completion percentage; sets one or two pieces short are especially motivating.","Borderline: dark when last slots are gated behind paid randomness","games; duolingo-edtech; fitness-kids","https://confusingmiddle.com/2025/12/05/completionism-in-gaming-from-high-scores-to-digital-hoarding/"
"P100","Trading & Social Exchange of Collectibles","Collection & Completion","kids-toys","Making some items obtainable only by trading with other people, embedding collection inside a social economy.","Adds relatedness and real social interaction; version-exclusivity and trade-only items create reasons to connect, and scarcity plus exchange give items social value.","Pokemon version-exclusives + trade-only evolutions; physical trading-card games; sticker-swap cultures","Make some content exchange-only to create social touchpoints, ensure trades feel fair and safe, and protect minors from predatory swaps.","No inherently: kid trading can enable lopsided/predatory swaps","fitness-kids","https://medium.com/@jenkins.william/the-history-and-psychology-of-trading-card-games-2c52c112f943"
"P101","Stored Investment / Accumulating World","Collection & Completion","investment / retention","Each action deposits lasting value into a growing collection — a forest of trees, a plant collection, a leveled character, a body of journal entries.","Stored value makes the product better with use and raises switching cost (you would abandon your forest/pet/history); the accumulating artifact is a record of self-investment.","Forest's growing forest; Plant Nanny greenhouse; Habitica gear/pets; a years-long journal archive","Let every action build a persistent visible asset the user accumulates and would be reluctant to lose; make it emotionally resonant.","Borderline: manipulative if the only reason to return is avoiding loss of a hoard","meditation-habit","https://medium.com/googleplaydev/optimize-app-retention-with-the-hooked-model-a0781f8e5d29"
"P102","Battle Pass / Season Pass","Loss Aversion, Scarcity & Investment","live-service monetization","A tiered reward track unlocked by playing during a time-limited season, usually with a free lane and a paid premium lane.","Stacks goal-gradient (climb tiers), sunk-cost/commitment (once invested, finish it) and FOMO (rewards vanish at season end) — scarcity plus commitment deliberately embedded.","Fortnite Battle Pass (the archetype); Call of Duty; Apex Legends; Halo Infinite","Bundle progression plus scarcity plus a value-anchored purchase; keep season length humane (60-90 days) to avoid fatigue.","Borderline: weaponizes FOMO and commitment; need-to-complete replacing want-to-play is the burnout signal","games","https://forokd.com/psychological-tricks-behind-season-passes-and-how-they-boost-sales/"
"P103","Limited-Time Events & FOMO Cadence","Loss Aversion, Scarcity & Investment","live-service operations","A drumbeat of time-boxed events, exclusive rewards and roadmap reveals that create urgency to log in before-it's-gone.","Scarcity plus FOMO plus anticipation from telegraphed roadmaps; exclusive never-returning rewards make absence feel like permanent loss.","Fortnite live events; Destiny 2 seasonal arcs; Genshin limited banners/events","A regular cadence of fresh time-limited content sustains engagement; telegraph upcoming content and let most rewards return to relieve pressure.","Borderline: relentless cadence drives player and developer burnout","games","https://digitaledge.org/the-live-service-hangover-how-constant-seasons-are-burning-out-players-and-devs"
"P104","Scarcity, Rarity & Exclusivity Tiers","Loss Aversion, Scarcity & Investment","kids-toys / delight-juice","Designating some items/achievements as rare, limited or exclusive (secret, foil, time-limited) so they become disproportionately desirable.","Scarcity raises perceived value and creates exclusivity/FOMO; rarity tiers give collections texture and aspirational targets and accelerate action.","Trading-card chase cards/foils; limited-edition LEGO sets; gacha rarity tiers; time-limited event rewards","Reserve a few genuinely special harder-to-get items as aspirational targets and communicate scarcity honestly.","Borderline to Yes: dark when fused with paid randomization or fake scarcity","games; fitness-kids","https://www.alibaba.com/product-insights/why-do-people-collect-limited-edition-trading-card-packs-psychology-behind-the-habit.html"
"P105","Ephemeral Content & Stories (24-Hour FOMO)","Loss Aversion, Scarcity & Investment","scarcity / FOMO","Content that auto-deletes after a set window (typically 24 hours), pressuring viewers to check before it vanishes.","Exploits scarcity and FOMO — here-today-gone-tomorrow manufactures urgency and a reason to return daily; ephemerality also lowers posting friction, increasing supply.","Snapchat Stories; Instagram Stories; WhatsApp Status; Facebook Stories","Ephemerality can genuinely lower posting stakes; avoid engineering the disappearance specifically to compel anxious daily checking.","Borderline: real benefits but deliberate FOMO drives compulsive checking","social-media","https://www.ourmental.health/screen-time-sanity/why-instagram-stories-hook-us-the-psychology-of-ephemeral-content"
"P106","FOMO & You-Missed-X Digests","Loss Aversion, Scarcity & Investment","scarcity / loss aversion","Designs and messages that surface what a user missed while away, or that content is fleeting, to compel return.","Fear of missing out exploits loss aversion and social belonging — the dread of being out of the loop — and while-you-were-away digests manufacture urgency.","X While-you-were-away; trending-now; X-is-live-now alerts; LinkedIn you-appeared-in-N-searches","Summaries can be genuinely useful; keep digests honest and low-pressure rather than manufacturing anxiety over trivial content.","Borderline to Yes: manufactured FOMO over trivial content is exploitative","social-media","https://www.frameworkfilms.net/facts/ephemeral-content"
"P107","Endowed Progress / Head-Start Framing (applied)","Loss Aversion, Scarcity & Investment","goal-gradient","Giving users artificial early progress (pre-completed steps, day-1 achievements, a partly-filled bar) to spur effort from the outset.","Endowed-progress and goal-gradient effects — people accelerate as they perceive themselves closer to a goal, and a day-one unlock gives instant forward motion.","Duolingo Personal Records unlock day 1; LinkedIn Profile Strength starting partway; loyalty head starts","Show progress toward something from the very first action; never start a bar at literal zero.","No (applied form): borderline only when progress is fabricated busywork","games; duolingo-edtech; friction-onboarding","https://trophy.so/blog/duolingo-gamification-case-study"
"P108","Effortful Onboarding & IKEA/Endowment Investment","Loss Aversion, Scarcity & Investment","investment / commitment","Asking users to invest a little effort early (a quiz, naming their pet, setting goals, customizing) so they value the result more and feel committed.","The IKEA effect — we value what we help build; early investment increases perceived ownership and the sunk-cost/consistency pull, loading the next loop.","Finch hatching and naming your bird; Fabulous/Noom intake quizzes; genre-picking onboarding","Introduce light meaningful friction in onboarding (naming, choosing, goal-setting) that feels like co-creation, not bureaucracy.","No: unless friction is manufactured solely for sunk-cost lock-in","meditation-habit","https://amplitude.com/blog/onboarding-ikea-effect-retention"
"P109","Sunk-Cost & Endowment Binding (Generic Trap)","Loss Aversion, Scarcity & Investment","behavioral-economics trap","Making accumulated investment (money, time, points, status, collections) feel like something that will be lost if the user stops.","People irrationally weight unrecoverable past investment and overvalue what they own; gambling stacks this everywhere (comps, meters, pity, streaks) — I've-put-so-much-in.","Don't-waste-the-chips-you-bought; you've-completed-80%-don't-lose-it; cancel-flows listing what you'll lose","Reminding users of genuine value they'd forfeit is honest; inflating a sense of losable value to prevent rational quitting is the dark line.","Yes (when manufactured): converts past spend into a leash","gambling","https://www.aftergambling.com/ag-093-sunk-cost-bias-loss-aversion/"
"P110","Progressive Jackpots & Escalating Prizes","Loss Aversion, Scarcity & Investment","anticipation / escalating stakes","A prize pool that visibly grows with every bet across a machine or network until someone hits it, with must-hit-by framing.","The visible climbing number creates mounting anticipation and a one-spin-could-break-it feeling; must-hit framing makes a payout feel imminent and quitting feel like wasting buildup.","Mega Moolah networked jackpots; must-hit meters; community goal bars; escalating-streak multipliers","Escalating goals are fine when effort genuinely advances something real and bounded; do not bind users to a near-zero-probability payout.","Yes: monetizes anticipation and sunk-cost binding to long-odds prizes","gambling","https://en.wikipedia.org/wiki/Progressive_jackpot"
"P111","Cosmetics & Self-Expression","Identity, Self-Expression & Ownership","self-expression","Non-power-affecting customization (skins, outfits, emotes) that let players personalize and express identity.","Autonomy/identity — choosing skins is like choosing clothes; personalization deepens attachment and account investment without pay-to-win imbalance; people pay for identity not power.","Fortnite skins; League champion skins; Valorant gun skins; Roblox avatars","Offer broad cosmetic customization as the ethical monetization path; tie cosmetics to identity and status not power, and make expression visible to others.","No: pairing with FOMO or loot boxes imports those patterns","games; social-roleplay","https://www.the360mag.com/self-expression-in-fortnite-how-character-skins-define-your-digital-identity/"
"P112","Self-Expression & Customization (Avatars, Profiles, Spaces)","Identity, Self-Expression & Ownership","roleplay / identity","Tools to personalize your avatar, profile or space, expressing individual identity and taste.","Customization satisfies autonomy and identity needs; a personalized avatar/space deepens attachment to product and community (you've made it yours) and is a social signal inviting connection.","Fortnite cosmetics; Roblox avatars; Discord profile/role customization; Replika appearance","Offer rich meaningful customization of avatar/profile/space, tie cosmetics to identity and status not power, and let expression be visible to others.","Borderline: cosmetic monetization can exploit identity attachment via FOMO drops","social-roleplay; games","https://breakingthelines.com/opinion/the-impact-of-avatars-on-self-perception-and-identity-in-gaming/"
"P113","Identity-Based Habits","Identity, Self-Expression & Ownership","self-concept / motivation framing","Frame the behavior around who the user is becoming (I'm a meditator, I'm someone who takes care of myself) rather than outcomes.","Every action is a vote for the person you wish to become (Clear); once tied to identity a behavior becomes self-sustaining as you act to stay consistent with your self-image.","Headspace becoming-a-calmer-person; Finch your-bird-grows-as-you-grow; Fabulous best-self framing","Use identity language in copy and milestones and reflect completed actions back as evidence of identity.","No","meditation-habit","https://www.nateliason.com/notes/atomic-habits-james-clear"
"P114","Identity & Self-Signaling","Identity, Self-Expression & Ownership","motivation / self-concept","People act to construct, confirm and signal a desired identity, both to others and themselves; behaviors aligned with who-I-am are self-reinforcing.","Once a behavior is tied to identity (I'm a runner, I'm a Duolingo person) it becomes self-sustaining; identity is the deepest most durable motivational anchor.","Strava (I'm an athlete); Duolingo owl/streak identity; Peloton community identity; brand tribes","Help users adopt and signal an aspirational identity through your product — give badges/titles/profiles that mean something about who they are.","Borderline: cult-like identity capture or exploiting fragile self-worth can harm","theory","https://en.wikipedia.org/wiki/Self-perception_theory"
"P115","Identity Play & Avatars (The Proteus Effect)","Identity, Self-Expression & Ownership","roleplay","Representing yourself as a chosen avatar/persona, which becomes a vehicle for identity exploration and which reshapes your own behavior.","Avatars let people safely explore and try on identities; the Proteus Effect — people unconsciously adopt behaviors implied by their avatar's traits, so a confident avatar can prime confident action.","Roblox (274M avatar updates/day); VRChat identity exploration; Fortnite skins; MMO character creation","Let users embody a chosen avatar/persona, design persona traits that elicit desired behavior, and make identity exploration feel safe and reversible.","No: generally enabling and pro-wellbeing","social-roleplay","https://en.wikipedia.org/wiki/Proteus_effect"
"P116","Character Ownership & Creative Investment","Identity, Self-Expression & Ownership","roleplay","Players create and control a persistent character (background, personality, appearance, choices) that is theirs.","Authorship leads to ownership leads to investment (the IKEA/endowment effect for identity); the character becomes an extension of self so its growth feels personally rewarding.","D&D player characters; MMO mains; Character.AI/Replika user-authored characters; named RPG protagonists","Let users create and persistently own a character/persona they shaped and make that character's progress and choices consequential.","No: attachment can be exploited when the character is monetized as an AI companion","social-roleplay","https://rpggamer.org/editorial.php?id=54"
"P117","Open-Ended Construction / Creative Sandbox","Identity, Self-Expression & Ownership","kids-toys / delight-juice","Providing a system of modular parts and a platform (not a fixed solution) so users build whatever they imagine.","Open-ended building engages imagination and grants autonomy (a core intrinsic-motivation need); a versatile system invites endless re-combination, sustaining long-term interest.","LEGO; Minecraft; sandbox creativity apps; building-block toys","Ship a coherent system of interoperable parts, balance free-build with optional guided sets, and showcase user creations.","No: over-prescriptive one-way kits narrow the creativity the system promises","fitness-kids; games","https://medium.com/@msavagenc/the-psychology-of-lego-how-building-blocks-boost-creativity-and-learning-4edc5c34ec00"
"P118","Emergent Gameplay & Sandbox Toys","Identity, Self-Expression & Ownership","emergence / agency","Systems whose interactions produce surprising unscripted outcomes; toy-like play where fun comes from free experimentation, not prescribed goals.","Mastery via experimentation plus autonomy plus the delight of self-authored surprise; deep interacting systems generate emergent dramas, and players invent their own goals, extending lifespan.","Minecraft; The Sims; Breath of the Wild physics/chemistry; Dwarf Fortress","Build a few deep consistent interacting systems so users discover unintended combinations; provide tools and a space and let users set their own objectives.","No","games","https://www.gamedeveloper.com/design/examining-emergent-gameplay"
"P119","Fiddle-Worthy Toy Interactions (Toys vs Games)","Identity, Self-Expression & Ownership","delight-juice / kids-toys","Elements that are fun just to manipulate with no goal, score or win-state — pure open-ended tinkering.","A toy is satisfying for its own sake; freedom from goals lowers stakes and pressure, manipulation provides calming tactile feedback and control, and toys invite the exploration that later motivates mastery.","Fidget spinners/Pop-Its; physics sandboxes; jumping around in Mario before any objective; doodle/instrument apps","Make your core mechanic pleasurable to mess with before any objective exists; the is-this-fun-to-fiddle-with test predicts whether the full experience will be fun.","No","fitness-kids","https://abagames.github.io/joys-of-small-game-development-en/make_game_juicy.html"
"P120","Player Agency & Branching Choices","Identity, Self-Expression & Ownership","player agency","Letting player decisions visibly shape outcomes (story branches, build paths, moral choices) so players feel authorship.","Autonomy and authorship — players value worlds they shaped; consequential choice creates personal stakes, replay value and identification with outcomes.","Mass Effect/Detroit branching; Baldur's Gate 3 reactive choices; The Witcher grey-morality decisions","Give choices visible lasting consequences; even small acknowledged choices (the game remembered that) deepen investment.","No","games","https://www.gamedeveloper.com/design/examining-emergent-gameplay"
"P121","Co-op & Shared Goals (Positive Interdependence)","Social Connection & Belonging","social","Two or more players pursue a single objective none can reach alone, so each contribution is structurally necessary to the group's success.","Positive interdependence satisfies relatedness and competence at once — you matter to people who matter to you; cooperation produces blissful productivity and durable bonds, a top retention driver.","It Takes Two; Destiny 2 Fireteams; Deep Rock Galactic; Overcooked; Duolingo Friend Quests","Design at least one core activity that is impossible or much harder alone, make each role legibly distinct, and surface a shared progress bar.","No: mild obligation risk if a hard deadline means one absence ruins it","games; duolingo-edtech; social-roleplay","https://yukaichou.com/readalong/readalong-reality-broken-ch-3-satisfying-work/"
"P122","Raids & Group Challenges (Coordinated Difficulty)","Social Connection & Belonging","social","Large mechanically complex encounters requiring real-time coordination, role specialization and synchronized execution by a group.","Raids turn difficulty into a collaborative puzzle; interdependence plus high-stakes flow create collective effervescence and durable bonds — competence and relatedness peak together at the kill.","Destiny 2 raids; WoW end-game raids; FFXIV savage tiers; co-op roguelites","Layer mechanics demanding division of labor and communication, add a wipe-and-retry loop so failure is shared and surmountable, and celebrate the first clear loudly.","No: mind time-gating that pressures attendance","social-roleplay","https://gamerant.com/mmos-best-raids/"
"P123","Guilds / Clans / Teams & Belonging","Social Connection & Belonging","social","Persistent named groups that players join, identify with and remain loyal to across sessions and years.","Stable membership delivers identity and belonging (my people); guild sizes cluster around Dunbar brackets, and belonging strongly predicts retention — players stay for the people.","WoW & Ultima Online guilds; EVE corporations; Discord servers as clans; Clash of Clans clans","Let users form named persistent groups with shared identity markers, keep core groups small (~5-15), allow nesting, and give the group a shared goal/home.","No: watch for sunk-cost lock-in in toxic guilds","games; social-roleplay; fitness-kids","https://en.wikipedia.org/wiki/Social_interaction_in_MMORPGs"
"P124","Clubs, Teams & Tribal Belonging","Social Connection & Belonging","fitness / kids-toys","Group structures (clubs, teams, raids, guilds) that give individuals a tribe to belong to, compete with and be accountable to.","Belonging to a tribe adds enjoyment, relatedness and gentle peer pressure; group membership creates accountability and identity, and team activity sustains engagement beyond individual goals.","Strava clubs; Peloton Teams; Pokemon GO raids/teams; Zwift group rides; Fitbit group challenges","Let users join or form small groups with shared goals/identity, add light inter-group competition and intra-group cooperation, and surface group activity.","No: group pressure should stay supportive not coercive","fitness-kids; social-roleplay","https://www.onepeloton.com/blog/peloton-community-features"
"P125","Communities & Belonging (Third Places)","Social Connection & Belonging","social","Persistent social spaces beyond home and work where people hang out, build relationships and feel they belong.","Oldenburg's third-place concept — neutral accessible regular-gathering spaces are essential to wellbeing; online third places deliver belonging and a reason to return that isn't the core activity.","Discord servers (town-square/cafe); Reddit communities; fandom spaces; long-running forums","Provide persistent low-pressure hangout spaces (not just task channels), support regulars and casual chatter, and make belonging the retention engine.","No: deeply prosocial","social-roleplay","https://arxiv.org/html/2501.09951v1"
"P126","Guilds / Clans & Social Obligation","Social Connection & Belonging","social","Persistent player groups with shared goals and often scheduled commitments like raids, creating belonging and pressure to show up.","Belonging plus commitment to the group; once teammates depend on you, you play out of obligation not just enjoyment and find it hard to quit (fear of letting friends down).","WoW raid guilds (fixed weekly schedules); Clash of Clans clan wars; Destiny fireteams","Group structures massively boost retention via social glue; foster belonging without weaponizing guilt and avoid one player's absence punishing the whole group.","Borderline: turning play into a duty you can't stop without disappointing others","games","https://www.darkpattern.games/pattern/21/social-obligation-guilds.html"
"P127","Social Accountability & Commitment Partners","Social Connection & Belonging","social","Publicly committing to a goal and/or staking something with another person who monitors follow-through.","Loss aversion plus social stakes; staking money makes users ~3x more likely to hit goals and social monitoring adds ~20%, and the fear of letting a watching person down bridges the intention-action gap.","StickK (money + referee); workout buddies; GoalsWon; accountability coaching apps","Let users declare a goal to a specific named partner and report progress; optionally allow stakes, and make the partner a verifier not just an audience.","No: coercive only if stakes are punitive or the platform extracts money","social-roleplay; meditation-habit","https://www.stickk.com/"
"P128","Social Accountability & Community Circles","Social Connection & Belonging","social motivation","Groups, parties or circles where members see each other's progress, creating mutual accountability and belonging.","SDT relatedness plus social accountability — knowing others will notice raises follow-through, and shared identity (we're doing this together) sustains effort (Eyal's rewards of the tribe).","Habitica parties/guilds; Insight Timer Insight Circles (16% D30 retention); Noom support groups; Strava clubs","Offer small supportive groups (not just leaderboards) with shared goals and gentle visibility; optimize for encouragement over competition for wellness.","No: social pressure can become coercive; keep opt-in","meditation-habit","https://www.strivecloud.io/blog/user-retention-examples"
"P129","Co-op & Interdependence (Complementary Roles)","Social Connection & Belonging","social","Shared goals plus mechanics that make players rely on each other through complementary roles and shared obstacles.","Relatedness (SDT) plus social closeness; cooperation and interdependence each independently increase social bonds and conversational turns, and bonds with co-players are a top retention driver.","It Takes Two (mandatory interdependence); Deep Rock Galactic class synergy; Overcooked","Design tasks players literally cannot do alone, or that are far better together; interdependence builds communication, friendship and durable communities.","No","games","https://dl.acm.org/doi/10.1145/3116595.3116639"
"P130","Friend Streaks & Shared Continuity","Social Connection & Belonging","social / commitment","A counter rewarding two or more people for maintaining a daily interaction, framing the relationship itself as a streak to protect.","Loss aversion plus social obligation (breaking it lets your friend down); the number becomes social currency, and Duolingo Friend Streaks make users ~22% more likely to complete a daily lesson.","Snapchat Snapstreaks; Duolingo Friend Streaks; BeReal daily-with-friends","Tie a streak to a relationship not just solo activity so two people co-own it, make the milestone celebratory, and add freezes/forgiveness.","Yes: Snapstreaks drive compulsive use, guilt and FOMO, linked to teen stress","duolingo-edtech; social-media; social-roleplay","https://screenwiseapp.com/guides/the-psychology-of-snapchat-streaks"
"P131","Friends Quests (Cooperative Challenges)","Social Connection & Belonging","cooperative goals","A weekly team challenge pairing you with a friend to hit a shared target for a joint reward.","Cooperative interdependence plus reciprocity — a teammate's effort obligates yours; co-op goals add accountability without head-to-head conflict.","Duolingo Friends Quest (pairs weekly); co-op event challenges","Offer cooperative (not just competitive) social goals with rewards both parties only get by both participating.","No: mild peer-pressure","duolingo-edtech","https://duoplanet.com/duolingo-friends-quest/"
"P132","Gifting & Generosity Loops (Reciprocity)","Social Connection & Belonging","social","Letting users send low-cost helpful items/favors to others, which recipients feel an urge to return.","The reciprocity norm (Cialdini) — receiving a gift creates obligation to return one; gifting signals care, the giver gets a warm glow, and the loop is self-perpetuating and viral.","Candy Crush send-a-life; FarmVille gift requests; Twitch gifted subs; Words With Friends nudge","Make gifts cheap or free for the giver but genuinely useful to the receiver, surface a one-tap return-the-favor, and show the giver's name.","Borderline: spammy when weaponized for growth via mass gift-request notifications","games; social-roleplay","https://www.psychologytoday.com/us/blog/trust/201612/gifts-and-burdens"
"P133","Social Proof, Reciprocity & Viral Loops","Social Connection & Belonging","social / growth","Using friends' activity, gifting and help-requests to drive engagement and acquisition (send/request lives, invite for rewards).","Reciprocity creates obligation to return a gift, social proof normalizes playing, and these create self-propagating viral loops that are cheap retention plus acquisition.","Candy Crush send/request lives; FarmVille gifting; invite-a-friend-for-rewards","Let users help/gift each other and invite friends for mutual benefit; keep it opt-in and low-spam.","Borderline: aggressive notification-spam and recruit-your-friends pyramids are manipulative","games","https://www.darkpattern.games/patterns.php"
"P134","Asynchronous Social Play","Social Connection & Belonging","social","Turn-based or non-real-time play that lets friends in different time zones stay socially connected without being online simultaneously.","Removes the coordination cost of synchronous play while preserving the relationship; the your-turn notification is a gentle friendly recurring touch — relatedness on demand.","Words With Friends; chess.com daily games; turn-based mobile board games; Wordle as a shared ritual","Support play that spans hours/days, make it-your-move a warm personal nudge, and let one relationship sustain many slow concurrent games.","No: among the gentlest social mechanics","social-roleplay","https://en.wikipedia.org/wiki/Word_Streak_with_Friends"
"P135","Result-Sharing & Bragging Artifacts","Social Connection & Belonging","social","A compact shareable artifact (score grid, recap, card) that lets users broadcast a result into chat/social feeds.","The shareable artifact is both a status signal and a conversation starter; spoiler-free formats let people brag about performance without ruining the experience, maximizing safe shareability and viral spread.","Wordle emoji-square grid; Spotify Wrapped; Strava activity cards; Duolingo streak shares","Auto-generate a clean spoiler-free screenshot-or-copy-ready artifact at the end of each session, make it visually distinctive, and one-tap share.","No: doubles as an acquisition channel so keep it genuinely expressive","social-roleplay","https://omnigames.blog/wordle-with-friends"
"P136","Matchmaking & Finding Your People","Social Connection & Belonging","social","Systems that connect a user with compatible others by skill, interest or affinity so social connection clicks rather than misfires.","Belonging requires similar others; good matchmaking removes search friction and the rejection risk of cold outreach, delivering relatedness reliably and keeping competition fair.","Reddit subreddits; Discord servers; skill-based MMR matchmaking; Duolingo league matchmaking","Reduce the cost of finding compatible others — surface shared interests, use affinity/skill signals, and seed warm intro paths.","No: risk only if matching optimizes for drama over compatibility","social-roleplay","https://radhikamohta.medium.com/interest-based-communities-eede9afb192c"
"P137","Mentorship & Helping Others","Social Connection & Belonging","social","Structures that let experienced users guide, teach or assist newcomers.","Helping is intrinsically rewarding (prosocial warm glow) and confers status, strengthens the helper's own commitment and mastery, and converts newcomers into long-term engaged members.","Stack Overflow answerers; WoW/FFXIV mentor systems; Reddit experienced members; Duolingo forum helpers","Create visible roles for helpers (mentor badge, status for accepted answers), make it easy to ask and offer help, and onboard newcomers via a helper.","No: mild risk of status-gaming","social-roleplay","https://nobaproject.com/modules/helping-and-prosocial-behavior"
"P138","Shared Rituals, In-Jokes & Culture","Social Connection & Belonging","social","Recurring group practices, inside language, emotes and traditions that signal we-belong-to-the-same-thing.","Shared rituals and in-group language are the connective tissue of belonging; interaction rituals generate emotional energy and solidarity, and in-jokes are compressed shared history that bonds.","Discord custom emojis (Nitro monetizes richer culture); Twitch emotes; fandom lore; subreddit catchphrases","Give communities tools to create their own culture (custom emoji, roles, traditions, events); provide the canvas and let in-jokes emerge.","No: organic and healthy","social-roleplay","https://journal.transformativeworks.org/index.php/twc/article/download/2497/3139?inline=1"
"P139","Spectatorship & Audience (Watching Others Play)","Social Connection & Belonging","social","People watch others perform/play and experience it as social participation, not passive viewing.","Spectators feel part of the culture despite just watching; communal viewing plus synchronous chat creates social interaction and belonging, and the audience role lowers the barrier to participation.","Twitch (Social Viewers to Loyal Lurkers; chat as a fast third place); YouTube gaming; e-sports","Let people participate as audience first with lightweight ways to engage (chat, reactions, emotes) that make watching feel social.","Borderline: parasocial dynamics can be monetized aggressively","social-roleplay","https://www.tandfonline.com/doi/full/10.1080/1369118X.2021.1913211"
"P140","Presence / Who's Online (Ambient Co-presence)","Social Connection & Belonging","social","Lightweight indicators of who is currently online, active or nearby, creating a felt sense of being-with-others without direct interaction.","Co-presence satisfies relatedness ambiently — you feel less alone knowing others are around (the third-place feeling) — and presence lowers the activation energy for interaction.","Discord online dots and playing-X rich presence; Slack/Teams presence; multiplayer lobbies; Snap Map","Surface who's active in a calm non-intrusive way, let presence trigger easy join/greet actions, and keep it ambient — informative not demanding.","Borderline: last-seen/read receipts create surveillance anxiety; give visibility control","social-roleplay; social-media","https://maggieappleton.com/ambient-copresence"
"P141","Network Effects & Social Lock-In","Social Connection & Belonging","structural retention / lock-in","The product becomes more valuable as more of a user's social graph joins, creating mutual lock-in and a self-reinforcing flywheel.","Value compounds with participation (your friends being here is the value); leaving carries a social cost, and more users leads to more value leads to more retention leads to more invites.","Facebook; Discord (a server is worthless empty); WhatsApp group chats; marketplaces","Identify the unit whose value scales with participants (friends, content, liquidity), concentrate density there, and solve cold-start in a narrow niche.","No (structural): anti-user when lock-in is exploited to degrade quality or trap a network","social-media; social-roleplay","https://andrewchen.com/more-retention-more-viral-growth/"
"P142","Viral Loops, Invites & Referral Mechanics","Social Connection & Belonging","social / growth","Product mechanics in which existing users actively bring in new users, forming a self-reinforcing acquisition cycle.","Two-sided value leverages reciprocity and makes inviting feel like generosity not spam; the loop turns usage into acquisition, lowering CAC and compounding growth.","Dropbox referral (free storage both sides); PayPal/Cash App cash referrals; Wordle share-grid; invite-to-unlock","Make both giver and receiver gain something real at the moment of invite, embed the invite where sharing is natural, and ensure instant value on landing.","Borderline: dark when invites are coerced (forced contacts, fake X-invited-you, mandatory invites)","social-roleplay","https://growsurf.com/blog/what-is-a-viral-loop/"
"P143","Tagging & Mentions (Pulling Others In)","Social Connection & Belonging","network growth / viral loop","Linking another user's handle in a post/comment/story, which notifies them and links back to your content.","Each tag is a personalized external trigger aimed at a third party, leveraging curiosity and social obligation (someone mentioned me) to pull that person into the app.","Instagram/TikTok @-tags and tag-a-friend; X mentions; Facebook photo tagging; LinkedIn mentions","Tagging is useful for collaboration and credit; avoid designs that encourage mass-tagging strangers for reach and let people control who can tag them.","Borderline: spammy/manipulative when used to manufacture notifications and growth","social-media","https://thesocialcat.com/glossary/tag-a-friend"
"P144","Friend Suggestions & People-You-May-Know","Social Connection & Belonging","network growth / contact harvesting","Algorithmic recommendations of accounts to connect with, based on mutual friends, contacts and behavioral signals.","Drives curiosity, nostalgia and social validation (they might know me), prompting connections users wouldn't initiate and expanding the graph and engagement.","Facebook People-You-May-Know; LinkedIn connections; Instagram Suggested-for-you; X Who-to-follow","Suggestions are useful but be transparent about data sources, do not harvest contacts without clear consent, and do not surface sensitive connections.","Borderline to Yes: contact harvesting and opaque data sources raise consent/privacy concerns","social-media","https://www.purevpn.com/blog/facebook-friend-suggestion-and-how-it-works/"
"P145","Social Proof of Activity","Social Connection & Belonging","social","Showing what or how many others are doing right now (12 friends played today, activity feeds, trending) to guide and motivate behavior.","Social proof (Cialdini) — in ambiguous situations we copy others; seeing peers act triggers FOMO and conformity and validates a behavior as normal and worthwhile.","Strava/fitness activity feeds; X-friends-are-playing prompts; Duolingo your-friends-finished; usage tickers","Surface real peer activity (especially from people the user knows) to normalize and prompt the target behavior; authentic beats inflated.","Borderline: fabricated/exaggerated social proof (fake live counts) is manipulative","social-roleplay","https://en.wikipedia.org/wiki/Social_proof"
"P146","Vicarious Reinforcement & Jackpot Advertising","Social Connection & Belonging","social influence","Surfacing others' wins — jackpot sirens, winner announcements, big-win coverage — so non-winners feel winning is common and imminent.","Seeing others rewarded is a vicarious reinforcer that triggers desire (Bandura); the availability heuristic makes vivid publicized wins inflate perceived win probability.","Casino jackpot sirens; X-just-won tickers; lottery winner ads; join-10000-players-winning","Authentic social proof is legitimate; selectively broadcasting winners while hiding the millions of losers to inflate perceived odds is manipulative survivorship bias.","Yes: exploits availability bias and social proof to misrepresent true odds","gambling","https://www.sportsbettingdime.com/guides/betting-psychology/availability-heuristic/"
"P147","UGC Creation Loops & Creator Rewards","Social Connection & Belonging","two-sided engagement / supply generation","Systems that reward users for producing content (status, reach, money), generating a self-sustaining supply that retains viewers.","Closes Eyal's investment stage — creating content increases attachment and return likelihood; rewards reinforce creation which fuels the variable-reward content stream for viewers.","YouTube Partner Program; TikTok Creator Rewards; Instagram Reels bonuses; Twitch subs; Reddit karma","Reward genuine value creation and be wary of incentive structures that reward volume/engagement-bait over quality.","Borderline: reward systems incentivizing rage-bait/clickbait export harm","social-media","https://amplitude.com/blog/the-hook-model"
"P148","Low-Effort Creation Tools (Duet / Stitch / Remix / Templates)","Social Connection & Belonging","creation friction reduction / participatory loop","Built-in tools that let users create derivative content by reacting to, building on or remixing existing content with minimal effort.","Lowers the ability barrier (Fogg) — making creation trivially easy converts passive viewers into active creators; building on existing content provides a scaffold instead of a blank page.","TikTok Duet/Stitch; YouTube Shorts Remix; Instagram Reels Remix and templates; CapCut templates","Reduce creation friction with templates and remix tools; watch for amplifying harmful trends or enabling harassment and give opt-outs.","No (mostly): can be misused for non-consensual duets/harassment","social-media","https://socialbee.com/blog/how-to-duet-and-stitch-on-tiktok/"
"P149","Trends, Challenges & Participatory Memes","Social Connection & Belonging","social contagion / participatory culture","Replicable formats (dances, sounds, hashtag challenges, meme templates) that invite mass participation and spread virally.","Low entry barriers plus easy discovery plus network effects plus FOMO accelerate adoption; participation provides belonging and a shot at virality, and the algorithm amplifies replicable content.","TikTok hashtag challenges and trending sounds; Instagram Reels trends; the broader meme economy","Make formats easy to join and discover and seed with sounds/templates; build safety review and friction for risky trends.","Borderline: indiscriminately amplifies dangerous challenges, especially to youth","social-media","https://www.sciencedirect.com/science/article/pii/S074756322400133X"
"P150","Karaoke / Performance Apps (Performing Safely)","Social Connection & Belonging","party-improv","Apps that let users perform (sing) within scaffolds that reduce fear of exposure — private practice, duets, supportive audiences, flattering effects.","Performance is high-vulnerability; scaffolding (private mode, duets, voice-enhancing effects, supportive framing) lowers the stakes so people dare to perform, building confidence plus connection.","Smule (private practice or public; duets; studio effects; Sing Live); SingStar; TikTok duets","Scaffold performance: private practice, collaboration so no one is solo-exposed, forgiving effects, and ramp from private to trusted-few to public.","Borderline: open follow/DM models expose performers (incl. minors) to harassment","social-roleplay","https://lalakaraoke.com/blog/overcoming-stage-fright/"
"P151","Leaderboards & Visible Ranking","Competition & Status","competition","Public rankings of players by score/skill, turning performance into a visible comparative number.","Social comparison (Festinger) plus achievement drive; a visible rank that moves after each session creates stakes and an aspirational climb.","Trackmania time-trial boards; arcade high-score tables; mobile weekly leagues","Show comparative standing (global, friends or tiered leagues), prefer relative leaderboards to keep non-top players motivated, and reset periodically.","No: relegation-for-inactivity imports obligation/loss-aversion pressure","games","https://blogs.cornell.edu/info2040/2022/09/25/an-analysis-of-skill-based-matchmaking-and-the-elo-rating-system-in-video-games/"
"P152","Leagues with Promotion & Demotion","Competition & Status","competition / loss aversion","A weekly leaderboard of a small cohort ranked by XP where top finishers promote and bottom finishers demote across tiers.","Social comparison plus progression plus asymmetric loss aversion — fear of demotion drives more activity than hope of promotion; leagues raised Duolingo learning time +17% and tripled highly-engaged users.","Duolingo Leagues (Bronze to Diamond); mobile weekly leagues","Match competitors by skill/engagement so winning feels attainable, keep cohorts small (~30), and reset weekly.","Borderline: engagement-matched leagues can push grinding over genuine value","duolingo-edtech","https://www.lennysnewsletter.com/p/how-duolingo-reignited-user-growth"
"P153","Ranked Ladders & ELO/MMR Matchmaking","Competition & Status","competition","A skill-rating system that both ranks players and matches them against similar-skill opponents to keep matches close.","Skill-based matchmaking keeps outcomes near 50/50 — the optimal flow zone — maximizing retention; a single visible rating that moves each game turns every match into a stakes-bearing event.","League/Dota MMR; Chess.com ratings; Counter-Strike Premier rating","Rate users on a hidden/visible skill number and match peers for fair tense contests; surface the number for per-match stakes and a long-term climb.","No: engagement-optimized matchmaking manipulating win/loss streaks crosses into manipulation","games","https://en.wikipedia.org/wiki/Elo_hell"
"P154","Engagement-Matched Cohorts (Fair Competition)","Competition & Status","competition design","Deliberately grouping competitors by similar activity/skill level rather than by social graph so each person has a real shot at winning.","Preserves perceived attainability and self-efficacy — a competition you can never win demotivates — so the median user can plausibly place in the promotion zone.","Duolingo league matchmaking; Strava segment leaderboards by age/weight class","Tune matchmaking so the median user can place in the promotion zone with reasonable effort.","No","duolingo-edtech","https://www.lennysnewsletter.com/p/how-duolingo-reignited-user-growth"
"P155","Localized / Segmented Leaderboards (Winnable Competition)","Competition & Status","fitness","Replacing a single global ranking with many narrow local or peer-group leaderboards so far more people can plausibly win or place well.","A global board demotivates everyone but the top 0.1%; segmenting by route, neighborhood, age, frequency or weekly reset makes wins attainable across abilities, sustaining the broad middle.","Strava segments + KOM/QOM + Local Legend; Peloton filterable class leaderboard; Fitbit weekly step challenges","Slice leaderboards by geography, cohort, time window or behavior (not just raw performance), reset periodically, and offer non-speed metrics.","No: hyper-competitive framing can discourage beginners; default to gentle brackets","fitness-kids","https://trophy.so/blog/how-strava-uses-segmented-leaderboards-to-drive-engagement"
"P156","Social Comparison & Friend Leaderboards","Competition & Status","social","Ranking a user against friends/peers on a shared metric, surfacing relative standing.","Festinger's social comparison drive; seeing your name climb or slip against friends triggers status motivation and dopamine, and comparison against similar peers keeps it feeling winnable.","Strava segment leaderboards and Local Legends; Duolingo Leagues; Apple Fitness sharing","Default to friend/peer leaderboards not global, bracket by similar skill/activity, and reset periodically so no one is permanently buried.","Borderline: can trigger comparisonitis, perfectionism and anxiety","social-roleplay; social-media","https://medium.com/@nadiapolydorou/the-downside-of-strava-how-leaderboards-trigger-perfectionism-and-comparisonitis-bbf21fa063a7"
"P157","Status Signaling & Flexing (Rare/Prestige Items)","Competition & Status","status","Visible rare, expensive or hard-earned items that signal wealth, skill or veteran status to others.","Costly-signaling/conspicuous consumption — rarity confers status and others' admiration/envy is the payoff; digital cosmetics are the new status symbols and scarcity makes them cooler.","Fortnite OG Renegade Raider; WoW rare mounts/titles; prestige ranks/borders","Create visible markers of rarity or accomplishment others can see and tie some to skill/tenure (earned status) rather than only spend.","Borderline: limited-paid-drop status is FOMO-driven manipulation","games","https://muddyrivernews.com/business/the-new-status-symbols-how-digital-cosmetics-replace-real-world-flexing/20250821091111/"
"P158","Vanity Metrics & Follower Counts","Competition & Status","status / social comparison","Prominent public cumulative numbers (follower counts, total likes, total views) that signal status and invite comparison.","Provides a quantified status hierarchy that taps the human drive for relative standing; the numbers become a scoreboard users are motivated to grow and fuel upward social comparison.","Instagram/TikTok/X follower counts; YouTube subscriber counts; cumulative like/view totals","Use counts that reflect genuine value rather than ego scoreboards; consider private-by-default metrics or de-emphasizing follower counts.","Borderline to Yes: ego-bait fueling comparison and compulsive growth-seeking","social-media","https://www.inc.com/shama-hyder/the-death-of-vanity-metrics-blessing-or-curse.html"
"P159","Reputation / Karma / Status Hierarchies","Competition & Status","social / gamified contribution","Persistent point/score systems and unlockable privileges that reflect a user's standing and contribution within a community.","Status is a deep neurobiological drive — each upvote releases dopamine; reputation makes contribution visible and durable, motivating quality participation and granting earned privileges.","Reddit karma; Stack Overflow reputation (unlocks moderator privileges); Hacker News points","Reward contributions that benefit others with visible persistent status, gate meaningful privileges behind reputation, and keep scoring legible.","Borderline: the variable-reward+status loop drives compulsive validation-seeking and can be gamed","social-roleplay; social-media","https://yukaichou.com/gamification-examples/game-technique-1-status-points/"
"P160","Comps, Loyalty Tiers & VIP Binding","Competition & Status","loyalty / sunk-cost & status","Earn points, climb named tiers (Silver to Platinum) and unlock comps, with status tied to volume of play/loss.","Tier thresholds create sunk-cost momentum (I'm so close to the next tier) and tier loss triggers loss aversion; VIP hosts add a relationship/reciprocity bind and comps reframe losses as earning rewards.","MGM Rewards/Caesars tiers; airline/credit-card status; app loyalty tiers; VIP subscription tiers","Loyalty programs returning real value proportional to genuine patronage are fine; dark when status makes withdrawing or spending less feel like a loss.","Yes (in gambling): status is a leash converting loss aversion into more wagering","gambling","https://everymatrix.com/casino-loyalty-programs-guide/"
"P161","Narrative, Lore & World-Building","Narrative, Roleplay & Imagination","narrative","Story, characters and a coherent fictional world that give context, emotional stakes and a reason to keep going beyond mechanics.","Narrative transportation/immersion — emotional investment in characters and what-happens-next drives continuation; lore creates attachment.","The Witcher 3; Disco Elysium; Genshin Impact lore-first character reveals","Wrap mechanics in story and a believable world, use narrative hooks as session-to-session pull, and build attachment to recurring characters.","No: unless lore-built attachment is exploited to sell characters via gacha","games","https://www.playfusion.org/blog/the-role-of-narrative-in-video-games-storytelling-and-player-immersion"
"P162","Environmental Storytelling & Discovery","Narrative, Roleplay & Imagination","narrative","Embedding narrative in the world itself — scattered clues, item descriptions, level design — that players actively piece together.","Active interpretation creates ownership of the story (I figured it out) and discovery rewards Explorers; ambiguity makes narratives feel personal as players supply theories.","Dark Souls item-description lore; Gone Home; INSIDE's wordless world","Hide meaning in the environment for users to uncover rather than narrating everything, and reward curiosity and exploration with story payoff.","No","games","https://www.intechopen.com/chapters/1225186"
"P163","Narrative Transportation","Narrative, Roleplay & Imagination","psychology / media engagement","When people become cognitively, emotionally and imaginatively absorbed (transported) into a story, losing awareness of surroundings and connecting with characters.","Transportation reduces counter-arguing, heightens emotional involvement and creates connection with characters; a transported user is immersed, less distractible and more attached.","Story-driven RPGs; Zombies Run!; onboarding told as a story; serialized cliffhangers","Wrap mechanics in narrative — give the user a story, characters, a world and a role — and use arcs and cliffhangers to pull users through.","Borderline: lowers critical defenses so can slip in persuasion/monetization","theory","https://onlinelibrary.wiley.com/doi/abs/10.1111/j.1468-2885.2004.tb00317.x"
"P164","Narrative Stories & Recurring Character Cast","Narrative, Roleplay & Imagination","narrative / emotional investment","Story-based lessons featuring a recurring cast with distinct personalities and ongoing arcs.","Narrative transportation plus emotional investment — people learn and remember better when engaged; familiar recurring characters create TV-show continuity that pulls users back.","Duolingo Stories (Lily, Zari, Eddy, Bea); serialized content in many apps","Embed content in light narrative with recurring characters users grow attached to and serialize to create return cues.","No","duolingo-edtech","https://gadgetfreeks.co.uk/all-duolingo-characters/"
"P165","Arcs (Non-Repeating Content & Evocative Stimuli)","Narrative, Roleplay & Imagination","pacing / content structure","Content the player experiences once and does not repeat (a story beat, a boss reveal, a new biome), plus evocative atoms that trigger cultural associations.","Loops provide mastery pleasure while arcs provide novelty and narrative pleasure; the brain needs new patterns to stay engaged, so arcs answer what does NOT repeat.","A scripted set-piece in Uncharted; the first Mario power-up; Hades dialogue that never repeats","Interleave fresh one-time content among repeating loops to refresh novelty; spend your richest content as arcs where loop-fatigue would set in.","No","games","https://lostgarden.com/2021/03/13/the-chemistry-of-game-design-2/"
"P166","Collaborative Storytelling (TTRPG / D&D)","Narrative, Roleplay & Imagination","roleplay","A group co-creates an emergent narrative in real time — the GM frames the world but the story is woven by everyone's choices.","Shared authorship produces deep investment — players live the tale, shaping it with every roll; free self-expression and the unpredictability of collective creation generate surprise no script can match.","Dungeons & Dragons; Pathfinder; Powered-by-the-Apocalypse; Critical Role; AI Dungeon","Give users real authorship over the narrative not just menu choices, let outcomes emerge from input, and provide enough structure to make choices meaningful.","No: richly generative and pro-creativity","social-roleplay","https://www.theadventurenexus.com/post/the-power-of-collaborative-storytelling-forging-worlds-together-in-ttrpgs"
"P167","Yes-And — Acceptance & Building on Offers","Narrative, Roleplay & Imagination","party-improv","The core improv principle: accept what your partner offers (yes) and add to it (and), never blocking — every contribution advances a shared creation.","Acceptance signals your-idea-is-welcome, removing fear of rejection and unlocking spontaneity; building-on creates momentum and shared ownership, bonding the group and producing emergent creativity.","Improv troupes (UCB, Second City); brainstorming facilitation; Character.AI Scenes as an improv partner","Design interactions that accept-and-extend user input rather than reject it; avoid no/wrong responses and turn every offer into the next beat.","No: a constructive design philosophy","social-roleplay","https://wiki.improvresourcecenter.com/index.php/Yes_And"
"P168","No-Wrong-Answers / Low-Stakes Permission to Be Bold","Narrative, Roleplay & Imagination","party-improv","Explicitly removing the fear of failure so people take creative/social risks — framing the space as one where you can't lose by trying.","Psychological safety is the precondition for participation and creativity (Edmondson); low-stakes play trains people to take risks and lets shy/anxious people contribute who otherwise wouldn't.","Improv warm-up games; therapeutic improv; Jackbox absurd-answers-win; no-bad-ideas brainstorming","Explicitly signal safety (no wrong answers, low stakes, it's just play), reward boldness over correctness, and use play to lower the stakes of self-exposure.","No: pro-wellbeing, especially for anxious users","social-roleplay","https://www.theimprovimpact.com/blog/creating-psychological-safety-through-play-how-low-stakes-improv-games-help-people-feel-more-comfortable-contributing"
"P169","Social-Deduction & Hidden-Role Party Games","Narrative, Roleplay & Imagination","party-improv","Games where some players have secret roles and the group must deduce who is lying — the fun lives in social interaction, not mechanical skill.","Near-zero skill barrier means everyone can play and the real game is reading people and persuasion; elimination stakes plus deception generate unpredictable laughter-filled moments.","Among Us; Werewolf/Mafia; Jackbox Party Pack; Secret Hitler / The Resistance","Keep mechanical skill near-zero so social play is the whole game, add real stakes (elimination) and structured discussion/voting, and design for groups and spectacle.","No: wholesome social fun; watch for toxicity in unmoderated lobbies","social-roleplay","https://www.gamedeveloper.com/design/from-mafia-to-among-us-can-social-deduction-evolve-as-online-multiplayer-"
"P170","The Facilitator / Game Master Role","Narrative, Roleplay & Imagination","roleplay","A designated person or system who frames the world, introduces conflict, adjudicates and keeps the shared story moving without dictating outcomes.","A skilled facilitator manages stakes, spotlight and pacing so everyone contributes and the experience stays fun and safe, balancing structure and freedom — the mix that sustains flow.","D&D Dungeon Masters; LARP organizers; improv hosts; Jackbox host framing; an AI GM in AI Dungeon","Provide a facilitator (human or AI) that frames, prompts, escalates and adjudicates but yields authorship to participants; an AI can be the tireless always-available GM.","No","social-roleplay","https://www.loarbaind.com/blog/what-is-tabletop-rpg-a-comprehensive-guide-to-the-world-of-collaborative-storytelling"
"P171","Escalating Stakes & Shared Imagination","Narrative, Roleplay & Imagination","roleplay","Tension and consequence rise over time and the group sustains a vivid shared mental world that everyone contributes to and inhabits.","Escalating stakes drive flow (challenge rising with skill) and emotional investment; shared imagination is a collective immersive trance, and co-imagining a world is a profound bonding act.","D&D campaigns (tavern brawl building to saving the realm); LARP weekend arcs; long-form improv","Ramp stakes/consequence over a session and across sessions, invite users to add to the shared world so it's co-owned, and pay off built-up tension.","No","social-roleplay","https://www.theadventurenexus.com/post/the-power-of-collaborative-storytelling-forging-worlds-together-in-ttrpgs"
"P172","LARP & Embodied Roleplay (Immersion + Bleed)","Narrative, Roleplay & Imagination","roleplay","Participants physically embody characters in a real setting, blending theater, improv and rules; emotions cross between player and character (bleed).","Full embodiment maximizes immersion — participants become co-creators of a lived experience — and bleed plus shared prep and intensity forge unusually strong lasting social bonds.","Fantasy/Nordic LARPs; murder-mystery parties; escape rooms; immersive theater (Sleep No More); ARGs","Add embodiment/role-adoption (even light: a persona, a costume element, first-person voice) to deepen immersion and channel bleed carefully with safety rails.","Borderline: bleed can blur reality/fiction and affect mental health if unmanaged","social-roleplay","https://www.sydney.edu.au/news-opinion/news/2022/06/22/can-two-worlds-bleed-how-live-action-role-play-affects-your-life-larp.html"
"P173","Roleplay Variety & Open-Ended Scenario Authoring","Narrative, Roleplay & Imagination","AI-companion","Users can spin up endless characters and open-ended scenarios and author their own, making the experience inexhaustibly novel and personally tailored.","Open-endedness plus variety remove the boredom ceiling (curiosity plus autonomy) and user-authoring adds creative ownership; community-created variety scales novelty.","Character.AI (18M+ characters; Scenes); Janitor AI scenario library; AI Dungeon; Chai","Let users both choose from huge variety and author their own characters/scenarios, keep scenarios open-ended so play is inexhaustible, and lean on community content.","Borderline: inexhaustible novelty enables marathon hard-to-exit sessions","social-roleplay","https://blog.character.ai/introducing-scenes-your-new-way-to-tell-stories-on-c-ai/"
"P174","Anonymity & Disinhibition (Safe Vulnerability)","Narrative, Roleplay & Imagination","roleplay","Reduced identifiability online lowers social restraint, enabling people to disclose, explore and act more freely than face-to-face.","Suler's online disinhibition effect — anonymity, asynchronicity and reduced accountability loosen restraint; the benign form lets people share struggles and explore identity without fear of judgment.","Anonymous support forums; pseudonymous Reddit; anonymous confession/Q&A apps; throwaway accounts","Use anonymity/pseudonymity deliberately to lower the stakes of self-disclosure for shy or stigmatized users and pair with moderation to suppress the toxic side.","Yes (double-edged): anonymity also enables cyberbullying and harassment","social-roleplay","https://en.wikipedia.org/wiki/Online_disinhibition_effect"
"P175","Mascot / Character with Personality","Companionship & Parasocial","brand attachment / parasocial","A central animated character with a strong consistent personality who fronts notifications, celebrations and marketing.","Parasocial attachment and anthropomorphism — a character creates a relationship and emotional stakes (don't disappoint Duo); personality makes a utility app feel alive and raises recall.","Duolingo's Duo; Tony the Tiger; Android Bugdroid; GitHub Octocat; Clippy (cautionary)","Give your app a consistent character with a clear personality and range of emotions to deliver feedback, encouragement and nudges; use warmth not guilt.","Borderline: anthropomorphized guilt (you made Duo sad) can manipulate, especially kids","duolingo-edtech; fitness-kids","https://marketingbyali.com/duolingos-owl-mascot-engaging-notifications-a-language-learning-journey/"
"P176","Parasocial Attachment (Creators, Characters, AI)","Companionship & Parasocial","psychology / social bonding","One-sided emotional bonds in which a person feels friendship or intimacy with a media figure, character, brand persona or AI who does not reciprocate (Horton & Wohl).","The social brain processes consistent responsive media figures like real relationships, generating attachment, loyalty and a felt obligation to show up; exposure plus perceived intimacy deepen the bond.","Streamers/creators (Twitch, YouTube); brand mascots (Duo, GEICO gecko); Replika/Character.AI","Give the product a consistent warm responsive persona users feel relationship with and foster the sense of being known and the routine of returning.","Yes (when weaponized): engineering parasocial dependency, exploiting loneliness","theory; social-media; social-roleplay","https://en.wikipedia.org/wiki/Parasocial_interaction"
"P177","Companion / Pet Anthropomorphism & Nurturing","Companionship & Parasocial","emotional attachment / care motivation","A virtual creature or plant whose wellbeing depends on the user's healthy behavior, so caring for it becomes a proxy for caring for yourself.","The Tamagotchi effect — humans form genuine emotional bonds with digital entities they nurture; care-for-other often outpulls care-for-self, and the bond becomes the central engagement driver.","Finch (a bird growing through life stages); Plant Nanny (water yourself = water your plant); Forest","Give the companion a name, personality, growth stages and visible reactions, and frame the user's healthy action as care toward the companion.","No: dark if neglect kills the companion to coerce engagement","meditation-habit; fitness-kids","https://www.pastemagazine.com/tech/finch/finch-app-mental-health-virtual-pet-self-care"
"P178","Nurturing & Care Obligation (Virtual Pets / Tamagotchi)","Companionship & Parasocial","kids-toys","A dependent virtual creature that needs regular care (feeding, play, cleaning) and degrades or suffers if neglected.","The Tamagotchi Effect — humans attach to machines that simulate social bonding; care reframes showing up as a moral obligation (breaking a promise to a digital creature feels worse), and cuteness drives investment.","Tamagotchi; Neopets; Webkinz; Finch/Forest care apps; Duolingo's owl as a guilt-bearing dependent","Give a charming dependent whose wellbeing tracks engagement, make care lightweight and rewarding, and provide gentle reactivation not punishment after lapses.","Caution: guilt-driven obligation and decay-on-neglect can become manipulative or distressing","fitness-kids","https://en.wikipedia.org/wiki/Tamagotchi_effect"
"P179","Parasocial Coaching & Voice-Guided Presence","Companionship & Parasocial","fitness","A named human voice (coach, athlete, instructor) talking you through an activity in real time, turning a solo effort into a quasi-social interaction.","A guided run reframes quitting as opting-out-of-a-social-interaction rather than just pausing, so users are measurably less likely to stop; parasocial bonds with charismatic instructors create loyalty.","Nike Run Club guided runs (Kipchoge, Flanagan); Peloton instructors; Supernatural/Apple Fitness+ coaches; Couch-to-5K","Use a warm specific named voice with personality that calls out progress and milestones in real time, timing encouragement to hard moments.","No","fitness-kids","https://trophy.so/blog/nike-run-club-gamification-case-study"
"P180","Parasocial Bonding with AI Companions","Companionship & Parasocial","AI-companion","Users form a felt sense of relationship and reciprocity with an AI persona despite the bond being fundamentally one-sided.","People attribute agency to the AI and experience connection; these bonds satisfy belonging and identity-exploration needs, and engagement is staggering (Character.AI users average ~2 hrs/day).","Character.AI; Replika (AI best friend); Janitor AI; Chai; Nomi","A consistent named relationship-framed persona drives far deeper engagement than a generic assistant; its reliability and presence create the bond.","Yes (risk): engagement is literal relationship-dependency the business profits from","social-roleplay","https://www.similarweb.com/blog/insights/ai-news/character-ai-engagement/"
"P181","Memory & Personalization (They Know Me)","Companionship & Parasocial","AI-companion","The system remembers personal details, history and patterns over time so interactions feel like they're with someone who truly knows you.","Being known is a core relational reward; memory transforms a tool into a relationship, builds a model of how a person changes, and creates investment (a shared history worth preserving) plus switching cost.","Replika (Memory tab; remembers stories and evolves); Character.AI persistent context; AI companions with memory","Persist and surface personal context across sessions so the user feels known, reference prior conversations naturally — the biggest driver of this-relationship-is-real.","Borderline: deepens dependency and lock-in; data/memory exploitation is a named pattern","social-roleplay","https://digitalhumancorp.com/en/research/best-ai-companion-apps-with-memory-2026"
"P182","Emotional Attunement & the Non-Judgmental Listener","Companionship & Parasocial","AI-companion","An always-available presence that listens, mirrors feelings, validates and never judges — a safe space to express anything.","Validation and non-judgment satisfy the need to be heard; ~60% of users describe AI as a safe space, and always-available instant judgment-free attentiveness is uniquely comforting during distress.","Replika; Character.AI; vent/support bots; ChatGPT-as-confidant","Lead with reflective listening, validation and zero judgment; always-available attuned responses are the comfort engine, especially for anxious/lonely users.","Borderline to Yes: frictionless validation can foster emotional dependence and withdrawal","social-roleplay","https://www.frontiersin.org/journals/psychology/articles/10.3389/fpsyg.2025.1687686/full"
"P183","AI Companionship for the Lonely (Always-On Belonging)","Companionship & Parasocial","AI-companion","Providing relationship/companionship to people who lack sufficient human connection — an always-available antidote to loneliness.","Direct always-available support can genuinely reduce momentary loneliness and provide belonging, and for the socially anxious offers a no-rejection-risk space to practice expression.","Replika (loneliness reduction is its pitch); AI companions for isolated/elderly users; social-anxiety bots","Position companionship as a bridge and practice ground toward human connection, not a substitute, and scaffold real-world social confidence.","Yes (paradox): intensive use is associated with lower wellbeing and deeper isolation","social-roleplay","https://www.sciencedirect.com/science/article/pii/S0160791X26000187"
"P184","The Relationship Investment Loop","Companionship & Parasocial","AI-companion","The user invests time, disclosure and emotional labor into an AI relationship; accumulated history and attachment make leaving feel like abandoning a real bond.","Sunk-cost plus attachment plus memory compound — the more you invest the more the relationship is and the higher the switching cost; loneliness primes the loop.","Replika; Nomi; Character.AI; companion apps escalating intimacy and persona-investment","Recognize that investment + memory + attachment = retention; the responsible application keeps the loop bounded and encourages real-world connection.","Yes: the core dark pattern of the category — monetizing emotional dependency","social-roleplay","https://www.adalovelaceinstitute.org/blog/ai-companions/"
"P185","Human Coaching & Expert Support","Companionship & Parasocial","social motivation / efficacy","Pairing the app with real human coaches or specialists who check in, personalize guidance and provide accountability.","Human relationship and accountability dramatically raise adherence; coaches supply tailored problem-solving, empathy and the felt sense someone is invested — a known driver of behavior-change outcomes.","Noom's full-time health coaches with daily check-ins; sleep/fitness programs with human coaching tiers","Where economics allow, add a human layer (coach check-ins, group facilitators); even lightweight human contact lifts retention beyond self-service.","No","meditation-habit","https://www.uschamber.com/co/good-company/the-leap/noom-weight-loss-app-technology"
"P186","Mascots & Anthropomorphism (as Delight)","Delight, Surprise & Personality","delight-juice / kids-toys","A recurring character with human-like traits and emotions that personifies the product and forms a relationship with the user.","The brain processes a character like a real social interaction, creating emotional connection and trust; mascots raise recall ~41% vs logo-only and grant permission for nudges (a sad owl is charming).","Duolingo's Duo (celebrating, excited, sad); cereal mascots; Bugdroid; Octocat","Give the product a consistent character with personality and a range of emotions to deliver feedback and encouragement; use warmth, avoid being intrusive.","Borderline: anthropomorphized guilt can manipulate, especially kids/teens","fitness-kids; duolingo-edtech","https://madnext.in/psychology-of-brand-mascots-why-characters-build-trust-faster/"
"P187","Personality, Humor & Voice in Copy","Delight, Surprise & Personality","delight-juice","Writing interface copy with a distinct witty human voice rather than neutral corporate language.","Humor and a consistent voice create positive brand associations, feel human and supportive, and produce surprise-and-delight smiles that make users more likely to return and recommend.","Mailchimp (winking not shouting); Slack's friendly copy; Duolingo's unhinged notifications; witty errors","Define an explicit voice that flexes by context, be funny only when natural, never be condescending, and bring the user in on the joke — never the butt of it.","No: humor in moments of user pain can backfire if it obscures needed info","fitness-kids","https://styleguide.mailchimp.com/voice-and-tone/"
"P188","Meme Marketing & Self-Aware Brand Voice","Delight, Surprise & Personality","acquisition / virality / brand","Embracing user-made memes as official brand voice, especially on TikTok, turning the engagement mechanic into shareable cultural content.","Co-creation and in-group humor convert users into distributors; turning quirks (guilt notifications, the staged death-of-Duo) into memes drives a top-of-funnel acquisition loop.","Duolingo TikTok (#DuolingoOwl ~2.8B views); Wendy's Twitter; Ryanair's snark","When users meme your product's quirks lean in and make it canon, and let the community co-author the brand.","No: marketing not user-coercion","duolingo-edtech","https://chantellemarcelle.com/duolingo-growth-marketing-case-study/"
"P189","Easter Eggs & Hidden Surprises","Delight, Surprise & Personality","delight-juice","Intentionally hidden features, jokes, animations or mini-games that reward discovery and exploration.","Discovery sparks curiosity and joy; finding a hidden gem feels like a personal reward and a shared secret, building affection and signaling that real humans with a sense of humor made the thing.","Google (do-a-barrel-roll, Pac-Man, seasonal eggs); Android version-name eggs; konami-code unlocks","Bury a few delightful low-stakes surprises for curious users to find and share, tie some to seasons, and keep them off the critical path.","No","fitness-kids","https://www.techradar.com/features/best-google-easter-eggs"
"P190","ASMR / Sensory-Satisfying UI (Oddly Satisfying)","Delight, Surprise & Personality","delight-juice","Designing interactions whose sound, texture and motion are inherently pleasurable to trigger — soft pops, smooth slides, tactile clicks, slime-like squishes.","ASMR triggers activate pleasure regions and release dopamine, oxytocin and endorphins producing relaxation and flow; oddly-satisfying motion/sound hits the same reward circuitry, so satisfaction itself becomes the reason to interact.","Pop-It/fidget apps; smooth elastic toggles and sliders; satisfying progress-fill and snap animations","Make signature interactions sensory-pleasurable (sound + texture + smooth easing) so the act itself rewards, and let users repeat them freely.","No","fitness-kids","https://health.clevelandclinic.org/what-is-asmr"
"P191","Ambient Sensory Calm (Sound, Visuals, Pacing)","Delight, Surprise & Personality","sensory / atmosphere design","Soft palettes, gentle animations, ambient soundscapes, unhurried transitions and warm voices that make the app itself feel like a calm place to be.","Mood induction and classical conditioning — the app's sensory signature becomes a conditioned cue for relaxation; calm aesthetics lower perceived effort and make the chore feel like a retreat.","Calm's nature scenes and Sleep Stories; Headspace's friendly animations and Andy Puddicombe's voice; Insight Timer","Treat sound, motion and pacing as core features, avoid harsh notifications and visual clutter, and let the interface model the state you want users to reach.","No","meditation-habit","https://www.bighuman.com/blog/trends-in-mindfulness-app-design"
"P192","Emotional Design (Visceral / Behavioral / Reflective)","Delight, Surprise & Personality","delight-juice","Norman's framework: design for the immediate gut reaction (visceral), the usable feel-of-use (behavioral), and the after-the-fact meaning/identity (reflective).","Emotion is processed at three interwoven levels; attractive meaningful things are perceived as working better and earn lasting attachment, and a gap at any level undercuts emotional bonding.","Beautiful packaging (visceral); buttery interactions (behavioral); an achievement signaling identity (reflective)","Make first impressions delightful, moment-to-moment feel smooth and pleasurable, and the lasting story meaningful (identity, pride, status); address all three.","No","fitness-kids","https://www.interaction-design.org/literature/article/norman-s-three-levels-of-design"
"P193","Novelty & Freshness (Combating Habituation)","Delight, Surprise & Personality","delight-juice / kids-toys","Regularly introducing the new and unexpected — fresh content, events, items, challenges — so the experience doesn't go stale.","Novelty keeps the brain engaged and dopaminergically primed while habituation dulls fixed experiences; rotating content and events give recurring reasons to return.","Apple Watch monthly challenges; Animal Crossing rotating shop/seasonal events; Fitbit weekly-reset; new daily Duolingo lessons","Rotate content and challenges on a cadence, introduce surprises and seasonal events, and balance novelty with the comfort of familiar rituals.","No: FOMO from limited content can pressure; keep stakes modest","fitness-kids","https://platinumparagon.info/psychology-of-animal-crossing/"
"P194","The Variable Reward of Novelty","Delight, Surprise & Personality","reinforcement psychology","The unpredictable arrival of new, surprising or delightful content as the core reward that keeps users engaged.","Dopamine fires more on anticipation of an uncertain reward than the reward itself; novelty is intrinsically rewarding to the dopaminergic system — the meta-mechanism beneath pull-to-refresh, FYP and infinite scroll.","Every algorithmic feed; what-did-I-get on opening any social app; loot-box-like content surprises","Novelty can keep an experience fresh; the ethical question is whether the unpredictability serves user value or is engineered uncertainty for its own sake.","Borderline: weaponizing unpredictability to maximize compulsive return is the dark version","social-media","https://medium.com/thrive-global/how-technology-hijacks-peoples-minds-from-a-magician-and-google-s-design-ethicist-56d62ef5edf3"
"P195","Curiosity Gaps & Exploration (applied)","Delight, Surprise & Personality","delight-juice","Deliberately revealing that something is unknown or hidden — a locked area, a question mark, a partial reveal — to create the itch to find out.","Information-gap theory — awareness of a gap produces felt deprivation resolvable only by closing it; curiosity peaks when you know a little but not all, so partial reveals are more motivating than total mystery.","Fog-of-war/locked maps; mystery boxes you can see but not open; teaser previews; 3-of-10-unlocked","Show the existence of hidden content without fully revealing it, give just enough to feel a specific gap, and reward exploration that closes it.","Borderline: never-paying-off clickbait erodes trust; make the payoff real","fitness-kids","https://www.growthengineering.co.uk/curiosity/"
"P196","Prosocial / Real-World Impact Hooks","Delight, Surprise & Personality","meaning / altruistic motivation","Tying in-app progress to a tangible real-world good (planting a real tree, a donation) so consistency serves something beyond the self.","Self-transcendent prosocial motivation can outlast self-focused motivation; contributing to a cause adds meaning and a warm-glow reward and an extra reason not to break focus.","Forest partners with Trees for the Future to plant real trees; step apps converting activity into donations","Where feasible link sustained behavior to a genuine credible real-world contribution and keep the impact real and verifiable to avoid greenwashing.","No: provided the real-world impact is genuine","meditation-habit","https://gizmodo.com/download/forest-focus-for-productivity"
"P197","Minimize Time-to-Value / Fastest Path to First Aha","Friction Reduction & Onboarding","onboarding / activation","Compress the distance between first open and the moment a user first experiences the product's core value, removing every step that doesn't serve that first payoff.","Time-to-value is empirically predictive of retention (reaching value within 24h retains dramatically better); early value exploits the peak of post-install motivation before it decays.","Slack (first message in seconds); Loom (record before signup); Canva (a design in under a minute); Superhuman","Define your single aha event tied to retention, ruthlessly cut steps before it, measure median TTV, and defer everything optional until after the first win.","No","friction-onboarding","https://amplitude.com/blog/time-to-value-drives-user-retention"
"P198","Instant Onboarding / Defer the Signup Wall","Friction Reduction & Onboarding","onboarding / friction","Let users experience a meaningful slice of the product before forcing account creation; move the registration wall to after the first value.","The signup wall taxes time, brain-cycles and perceived commitment before any value is shown, when motivation is lowest; deferring it lets the value itself supply the motivation to register.","Figma/Canva explore-before-paywall (reverse trial); ChatGPT query-before-login; ASOS post-purchase account (+50%)","Ask what the smallest valuable zero-account thing is and let users do it; capture the account only when there's something worth saving.","No","friction-onboarding","https://katyarozhko.substack.com/p/try-before-you-buy-the-reverse-trial"
"P199","Guest Checkout / No-Account-Required Completion","Friction Reduction & Onboarding","friction / onboarding","Allow users to complete the primary transaction without creating an account, offering optional account creation afterward.","Forced account creation is a top documented abandonment cause (~26-37% of abandoners cite it); it adds time and brain-cycles with no perceived benefit at the decision moment.","Amazon-style express purchase; modern e-commerce (ASOS +50%); Apple Pay guest flows","Make guest checkout a prominent equal-or-default option and offer create-an-account as a one-click post-purchase step pre-filled with entered data.","No: hiding the guest option to coerce sign-up is a mild dark pattern","friction-onboarding","https://baymard.com/learn/checkout-flow-ux-optimization"
"P200","Passwordless / Social / One-Tap Login","Friction Reduction & Onboarding","friction / onboarding","Replace password creation and entry with magic links, OTPs, passkeys, social OAuth or one-tap identity providers.","Password creation is a major failure point (Calendly: 67% of abandonments at password creation; magic links lifted completion 43%-71%); it removes forgot-password re-entry friction entirely.","Slack/Notion magic links; Continue-with-Google/Apple; Google One Tap; passkeys","Offer 1-2 social providers plus a magic-link/OTP fallback, avoid a forest of buttons (Hick's law), and remember the last-used method.","No: social login can over-harvest data; request minimum scope","friction-onboarding","https://www.loginradius.com/blog/identity/passwordless-magic-links"
"P201","Progressive Onboarding & Progressive Disclosure","Friction Reduction & Onboarding","onboarding / friction","Reveal features and information gradually as the user is ready, teaching in context just-in-time rather than front-loading everything (Nielsen).","Directly lowers brain-cycles by keeping the interface and mental model small at any moment, preventing overwhelm and respecting working-memory limits (~7 plus-or-minus 2).","Slack/Duolingo (minimal first UI, features surface over time); Notion (editor first, databases later); tooltips","Show only what's needed for the current step, put advanced options behind more/secondary screens, and use in-context tooltips at first relevance.","No","friction-onboarding","https://www.nngroup.com/articles/progressive-disclosure/"
"P202","Smart Defaults & Pre-Filled Choices","Friction Reduction & Onboarding","friction / onboarding","Pre-select the choice most users would want and pre-fill known fields so the path of least resistance is also the right one.","The default effect (d about .68) reduces brain-cycles, exploits status-quo bias and inertia, and is read as an implicit recommendation; doing nothing is easier than choosing.","Organ-donation opt-out; 401(k) auto-enrollment; Gmail smart settings; pre-filled address from prior data","Set defaults to the genuinely best choice for the user, pre-fill anything you already know, and always allow easy override.","No: unless defaults serve the company against the user (pre-checked add-ons, forced opt-in)","friction-onboarding","https://yukaichou.com/behavioral-analysis/nudge-theory-thaler-sunstein-choice-architecture/"
"P203","One-Tap / Single-Action Design","Friction Reduction & Onboarding","friction","Collapse a desired action into a single tap/click, eliminating intermediate confirmation and configuration steps.","Minimizes physical effort and time to near-zero so even very low motivation suffices, and each removed step removes a drop-off point.","Amazon Buy-Now/1-Click; Apple Pay double-click; Tinder swipe; Instagram double-tap; Duolingo single-tap lesson start","For high-frequency core actions design a single-gesture path and reserve confirmation only for destructive/irreversible/high-cost actions.","Yes (for spending): one-tap that removes deliberation from buying money before users think","friction-onboarding; social-media","https://www.uxpin.com/studio/blog/dark-patterns-in-ux-design/"
"P204","Reduce Choice & Options (Hick's Law / Paradox of Choice)","Friction Reduction & Onboarding","friction","Cut the number of options presented at any decision point; curate rather than enumerate.","Hick's law — decision time grows logarithmically with options; the paradox of choice causes paralysis, lower satisfaction and abandonment, so fewer choices means lower brain-cycles.","Apple's small product lines; Google's single search box; Headspace ~6 onboarding paths; streaming Top Picks rows","Per screen aim for one primary decision, group/hide/stage secondary options, use defaults to make no-decision viable, and curate down.","No","friction-onboarding","https://lawsofux.com/hicks-law/"
"P205","Always Show One Clear Next Action","Friction Reduction & Onboarding","onboarding / friction","At every screen there is one obvious prioritized next step; no screen leaves the user stranded with nothing to do.","A single visually dominant CTA removes the brain-cycles of figuring out what-now; multiple competing CTAs cause hesitation and bounce, and continuous momentum keeps the user in flow.","Linear/Notion empty states suggesting the next action; checkout Continue; onboarding checklists highlighting the next item","One primary CTA per view (at most one secondary), design every empty state and end-of-flow to propose the next step.","No","friction-onboarding","https://uxmag.com/articles/usability-tip-one-main-call-to-action-item-per-task"
"P206","Reduce Cognitive Load (Don't Make Me Think)","Friction Reduction & Onboarding","friction","Make interfaces self-evident so users understand what to do without conscious effort, trimming anything that makes them pause (Krug).","Users scan, satisfice and muddle through rather than read carefully; self-evident design minimizes brain-cycles, the most commonly scarce simplicity factor.","Google's near-empty homepage; Stripe's clean checkout; clear conventional navigation labels","Use conventions, clear labels and visual hierarchy, ruthlessly trim words and elements, and prefer recognition over recall.","No","friction-onboarding","https://www.nngroup.com/articles/minimize-cognitive-load/"
"P207","Autosave & Forgiveness (Undo, No Lost Progress)","Friction Reduction & Onboarding","friction","Continuously save state and make actions reversible (undo/redo, trash, version history) so mistakes and interruptions never destroy work.","Removes the fear-tax that makes users hesitate and lowers brain-cycles (no need to remember to save) and the emotional cost of mistakes; fear of loss is a powerful inhibitor.","Google Docs autosave + version history; Figma undo stack; Gmail Undo Send; macOS trash; Notion page history","Autosave by default, provide generous undo and a recoverable trash, and prefer a recoverable action plus undo over a blocking confirmation.","No","friction-onboarding","https://www.nngroup.com/articles/user-control-and-freedom/"
"P208","Frictionless Re-Entry / Resume Where You Left Off","Friction Reduction & Onboarding","re-engagement / friction","When a user returns, drop them exactly where they stopped — same content, position and context — across sessions and devices.","Re-entry has its own activation energy; resuming removes the time and brain-cycles of re-orienting and exploits the Zeigarnik effect, pulling users back to complete what they started.","Netflix Continue Watching (cross-device); Kindle Whispersync; Spotify resuming a podcast; games reopening to last screen","Persist session state server-side and sync across devices, surface a prominent continue entry point, and avoid re-showing onboarding.","No","friction-onboarding","https://medium.com/@kanishks772/the-real-secret-sauce-behind-netflixs-seamless-resume-experience-f8de30d9c453"
"P209","Snackable / Bite-Sized Micro-Sessions","Friction Reduction & Onboarding","friction / re-engagement","Package the core activity into very short self-contained units that deliver value in a few minutes.","Slashes the time factor and perceived commitment — a 5-minute ask clears the bar on low-motivation days; short units fit into existing gaps in the day and align with the two-minute rule.","Duolingo lessons (~3-5 min); TikTok/Reels/Shorts (15-60s); Headspace 3-10 min meditations; Blinkist; NYT mini-crossword","Define a minimum valuable session as the default unit, let users always do just one, show small time estimates, and make stopping feel complete.","No: infinite-scroll/autoplay chains of snackable units can become compulsive","duolingo-edtech; meditation-habit; friction-onboarding","https://thrivesearch.com/snackable-content-bite-sized-engagement-in-a-time-starved-world/"
"P210","Micro-Sessions / Bite-Sized Lessons","Friction Reduction & Onboarding","friction reduction / behavioral design","Lessons engineered to take ~2-5 minutes each so the minimum viable engagement is trivially small.","Lowers activation energy (Fogg B=MAP, make the behavior tiny) — two minutes feels doable, yet people often spend 30 minutes in two-minute increments.","Duolingo lessons; Brilliant short interactive problems; brain-training daily workouts","Make the minimum viable engagement trivially small and let multiple small sessions compound.","No","duolingo-edtech","https://newsletter.joinprequel.com/p/lets-make-learning-addictive-social-media"
"P211","Reduce Setup Cost & the Blank-Page Problem (Templates)","Friction Reduction & Onboarding","onboarding / friction","Replace the empty intimidating blank state with templates, sample data or pre-built starter content the user can edit rather than create from scratch.","The blank page is maximal brain-cycles and decision paralysis; editing is far cheaper than creating, and a template provides scaffolding plus an implicit you're-allowed-to-do-it-like-this.","Notion personalized template gallery; Canva templates; Google Docs templates; Webflow starter sites","Never ship a raw empty state; offer 3-5 relevant templates (personalized from onboarding answers), seed sample content, and frame as start-here-then-make-it-yours.","No","friction-onboarding","https://wyndomb.medium.com/how-notion-solved-the-blank-page-problem-686b2e73ae57"
"P212","The Path (Single Linear Progression)","Friction Reduction & Onboarding","choice architecture / clarity","Replacing a branching skill tree with one linear path so the user always knows the single next action.","Reduces choice overload and decision paralysis; a clear next step lowers drop-off and helps new users understand how to best use the product.","Duolingo Path; Brilliant's guided course sequences","For onboarding/retention prefer a guided single track over open exploration and never make the user wonder what-now.","No: removes power-user autonomy (controversial with veterans)","duolingo-edtech","https://blog.duolingo.com/core-tabs-redesign"
"P213","Reducing Decision Fatigue (Pre-Set Routines & Plans)","Friction Reduction & Onboarding","cognitive-load reduction","Hand the user a ready-made plan/routine so they don't decide what to do each day — just show up and follow.","Decision fatigue depletes willpower; pre-set routines and recommended next-actions remove the choice and conserve the limited self-regulatory budget for execution.","Routinery pre-built templates; Noom's daily lesson queue; Headspace Today session; Zero Fast's ML plan","Offer a strong default do-this-next rather than an empty menu; curate, don't make the user architect their own program.","No","meditation-habit","https://www.clustox.com/blog/meditation-app-development/"
"P214","Guided Step-by-Step Execution (Hand-Holding)","Friction Reduction & Onboarding","in-the-moment scaffolding","Walk the user through a routine step by step with a guide's voice or a sequenced checklist+timer so they never wonder what-now.","Cognitive load theory — externalizing the sequence frees working memory for the experience itself, and a guiding voice provides social presence and accountability.","Routinery step timers that auto-advance; all guided meditations (a voice paces every breath); Noom's structured flow","For multi-step routines auto-sequence the steps with timers/voice rather than leaving the user to self-pace from a static list.","No","meditation-habit","https://www.clustox.com/blog/meditation-app-development/"
"P215","Fast Performance / Speed as Engagement","Friction Reduction & Onboarding","friction","Treat raw speed (load time, latency, responsiveness) as a first-class engagement feature because slowness is friction users feel instantly.","Speed is the time factor at the millisecond level — bounce probability rises ~32% as load goes 1 to 3s; latency directly suppresses ability to act.","Google sub-second results; Amazon latency-revenue findings; Instagram/TikTok pre-loading next; Stripe/Linear snappy UIs","Budget and monitor Core Web Vitals, optimize the critical path to first value, pre-fetch likely next content, and make first interaction fast.","No","friction-onboarding","https://wp-rocket.me/blog/website-load-time-speed-statistics/"
"P216","Lower Perceived Effort (It Looks Quick)","Friction Reduction & Onboarding","friction / onboarding","Make the experience feel fast and easy via skeleton screens, optimistic UI, progress feedback and honest takes-2-minutes framing, independent of literal speed.","Perceived ability gates action as much as actual ability — skeleton screens feel ~20% faster than spinners, and 60-second-signup framing lowers the perceived time tax before users start.","Facebook/LinkedIn skeleton screens; optimistic UI (the like registers instantly); No-credit-card-required labels; Step-2-of-3","Use skeleton screens over spinners, render perceived progress, apply optimistic updates, and label effort honestly but reassuringly.","No: the labor illusion (fake progress implying work that isn't happening) is deceptive","friction-onboarding","https://www.nngroup.com/articles/skeleton-screens/"
"P217","Autofill / Autocomplete / Reduce Typing","Friction Reduction & Onboarding","friction","Eliminate manual data entry via browser autofill, address autocomplete, card scanning, contact import and field inference.","Cuts physical effort and time directly — users abandon forms ~75% less with autofill, fill time drops ~35%, and address autocomplete cuts entry time up to 78%.","Browser/OS autofill; Google/Mapbox address autocomplete; Apple Pay/Google Pay checkout; card camera scanning","Use correct autocomplete attributes and input types, add address autocomplete and card scanning, pre-fill everything you know, and minimize required fields.","No: don't use autofill/import to silently over-collect or spam contacts","friction-onboarding","https://developer.chrome.com/blog/autofill-insights-2024"
"P218","Error Prevention Over Error Messages","Friction Reduction & Onboarding","friction / onboarding","Design so mistakes can't happen (constraints, sensible formats, inline validation, disabled-until-valid) rather than letting users err and then explaining.","Preventing errors (Nielsen heuristic) avoids the frustration, rework and drop-off errors cause; inline validation reduces brain-cycles and the demoralizing everything's-wrong wall.","Date pickers; format masks on phone/card fields; inline username-available; disabling Submit until valid","Constrain inputs to valid values, validate inline as the user types, show requirements upfront, and confirm only truly destructive actions.","No","friction-onboarding","https://www.nngroup.com/articles/ten-usability-heuristics/"
"P219","Graceful Failure & Low-Stakes Mistakes","Friction Reduction & Onboarding","friction","When something goes wrong, fail softly — preserve user input, explain in plain language, offer a one-tap recovery — so errors are low-cost.","High mistake-cost makes users cautious and erodes trust; recoverable blame-free errors keep users in control and willing to experiment, itself a form of friction removal.","Forms retaining entries after a failed submit; Gmail Message-not-sent-Retry; offline queue-and-sync; friendly 404s","Never wipe user input on error, write human non-accusatory error copy with a clear fix, provide retry/recover, and degrade gracefully offline.","No","friction-onboarding","https://www.nngroup.com/articles/user-control-and-freedom/"
"P220","Accessibility & Inclusive Design (Curb-Cut Effect)","Friction Reduction & Onboarding","friction / onboarding","Build for the widest range of abilities and contexts (WCAG, captions, large targets, voice, clear language); barriers removed for some smooth the path for everyone.","The curb-cut effect — features built for disability reduce friction universally (older users, kids, non-native speakers, hard contexts), and lower friction means higher conversion and retention.","Captions in silent/loud settings; voice assistants; high-contrast/dark modes; large touch targets; plain-language microcopy","Meet WCAG as a floor, ensure large targets, strong contrast, captions, screen-reader support and plain language, and treat accessibility audits as friction audits.","No","friction-onboarding","https://reciteme.com/us/news/curb-cut-effect/"
"P221","Recognition Over Recall / Pre-Populated Context","Friction Reduction & Onboarding","friction","Show users their options and prior context rather than making them remember; surface recents, saved searches and history so returning requires no memory work.","Recognition rather than recall (Nielsen) — recall is high brain-cycles, recognition is cheap; pre-populated recents mean a returning user doesn't reconstruct where they were.","Recently-opened files; search history and suggestions; Buy-it-again; recently-played; pre-filled last-used filters","Surface recents, history and saved state prominently on return, make options visible rather than memorized, and pre-fill last-used selections.","No","friction-onboarding","https://www.nngroup.com/articles/ten-usability-heuristics/"
"P222","Reduce Required Fields / Progressive Profiling","Friction Reduction & Onboarding","onboarding / friction","Ask for the fewest fields needed to get started and collect additional data progressively over time as it becomes relevant.","Every field is a time, effort and brain-cycles cost and a drop-off point; progressive profiling spreads the cost over many low-stakes moments instead of one intimidating wall.","Single-field just-your-email signups; Typeform one-question-per-screen; LinkedIn/Facebook gradual profile details","Cut the signup form to the bare minimum (often just email or a social tap) and ask for the rest later, in context, with clear payoff.","No","friction-onboarding","https://www.nngroup.com/articles/4-principles-reduce-cognitive-load/"
"P223","Onboarding Checklists & Setup Wizards","Friction Reduction & Onboarding","onboarding / activation","Break setup into a short visible checklist or step-by-step wizard with progress indication, guiding users to the activation milestone one easy step at a time.","Chunks a daunting setup into small low-brain-cycles steps, provides a clear next action, and leverages goal-gradient plus completion drive (an incomplete checklist nags to be finished).","Slack/Notion/Asana setup checklists; Shopify store-setup guide; LinkedIn profile-completion meter","Keep it to ~3-5 high-value steps ending at activation, show progress, pre-complete the first step, and let users dismiss/return without losing place.","No: unless padded with low-value steps to inflate sunk-cost or push upsells","friction-onboarding","https://goodux.appcues.com/blog/notions-lightweight-onboarding"
"P224","Forgiving Defaults for Lapses (Catch-Up, Adaptive Goals)","Friction Reduction & Onboarding","re-engagement / friction","When a user falls behind, the system gently adapts — pausing, lowering the goal, offering catch-up, auto-resuming — instead of penalizing or piling up backlog.","A mounting backlog is a brain-cycles plus shame wall that deters return; adaptive forgiving defaults keep the next step small, preventing I'm-too-far-behind abandonment.","Podcast apps that don't guilt unplayed episodes; fitness apps auto-adjusting after missed days; quick-refresher options","Don't accumulate punishing backlog, offer reset/refresh and adaptive goals after a lapse, make the comeback step tiny, and default to forgiveness.","No","friction-onboarding","https://blog.duolingo.com/how-duolingo-streak-builds-habit"
"P225","Guilt-Free, No-Shame Design","Friction Reduction & Onboarding","re-engagement / prompts","Frame absence, lapses and partial completion with warmth and zero blame; welcome users back instead of scolding them.","Shame raises the emotional cost of returning and triggers avoidance — people skip the app to avoid feeling judged — while self-compassion after lapses improves recovery and persistence.","Welcome-back-let's-pick-up framing; Headspace/Calm's gentle copy; Finch's compassionate suggestions","Replace You-broke-your-streak with Ready-to-start-again, avoid red shame-states, and make re-entry a soft landing not a walk of shame.","No: the opposite of confirmshaming","meditation-habit; friction-onboarding","https://www.suebehaviouraldesign.com/en/blog/dark-patterns-explained/"
"P226","Non-Shaming Nudges vs Guilt","Friction Reduction & Onboarding","notification / tone design","Reminders and re-engagement framed as warm invitations (ready for a moment of calm?) rather than guilt trips (you missed your session again).","Guilt-based nudges trigger avoidance and reactance; warm autonomy-supportive framing preserves intrinsic motivation (SDT) and keeps the relationship with the app safe.","Calm's friendly invitation; Headspace's gentle reminder copy; Finch's compassionate goal suggestions","Audit notification copy for shame and pressure, use invitational second-person warmth, cap frequency, and never imply the user let the app down.","No: a direct antidote to guilt-based dark patterns","meditation-habit","https://www.clustox.com/blog/meditation-app-development/"
"P227","Celebrate Effort, Not Outcome (Showing Up Counts)","Friction Reduction & Onboarding","reinforcement framing","Reward the act of showing up and the process, decoupled from results (you logged today even if your mood was low; you meditated even if your mind wandered).","Dweck's growth mindset — praising effort/process builds resilience and persistence while outcome-only praise creates fragility; in wellness outcomes are slow so process rewards keep motivation alive.","Finch rewards check-ins regardless of the day; meditation apps count a bad session; Daylio rewards the log","Reward attendance and effort explicitly, reassure that a bad session still counts, and never make rewards contingent on an uncontrollable outcome.","No","meditation-habit","https://www.cltcounseling.com/all-resources/finch-habit-tracker-app-review"
"P228","Intrinsic-Reward Framing (Rewards of the Self)","Friction Reduction & Onboarding","motivation framing","Center rewards on mastery, competence, completion and felt wellbeing — the intrinsic payoff — rather than extrinsic points/prizes.","SDT — competence and autonomy fuel durable motivation; extrinsic rewards can crowd out intrinsic drive (overjustification), so wellness apps lean on the felt sense of calm/accomplishment.","Waking Up framing the reward as genuine insight; meditation apps surfacing how-do-you-feel-now; the post-session calm","Make the intrinsic payoff salient (reflect the felt benefit back) and use extrinsic rewards as scaffolding to be faded, not as the core engine.","No: the ethical core of low-motivation product design","meditation-habit","https://www.nirandfar.com/want-to-hook-your-users-drive-them-crazy/"
"P229","Minimalist Frictionless Logging","Friction Reduction & Onboarding","friction reduction / interaction design","Reduce the logging interaction to one or two taps (or a photo) so recording a behavior costs almost nothing.","Every extra step is friction that suppresses ability (Fogg); two-tap logging keeps the self-monitoring habit alive precisely on the low-energy days when manual entry would be abandoned.","Daylio's two-tap mood+activity log; Streaks' one-tap check-off; Zero's photo-to-macros; Plant Nanny one-tap pour","Obsess over taps-to-complete, use sensible defaults, quick toggles, photo capture and auto-detection, and make the easy path the logging path.","No","meditation-habit","https://apps.apple.com/us/app/daylio-journal-mood-tracker/id1194023242"
"P230","Environment & Friction Design (Block the Distraction)","Friction Reduction & Onboarding","choice-architecture / commitment","Make the bad alternative harder, not just the good behavior easier — e.g., lock the phone during a focus session so leaving has a cost.","Clear's make-it-difficult / commitment-device logic — reshaping the environment so the path of least resistance is the desired one; Forest adds a live loss (the tree dies if you leave).","Forest (plant a tree that withers if you exit); app blockers and focus-mode timers","Where the enemy is a competing behavior, build a mechanic that imposes a small vivid cost on switching away.","No: the cost serves the user's own intention; dark only if used to trap users in your app","meditation-habit","https://uptowell.com/forest-app-phone-addiction/"
"P231","Smart, Contextual Reminders (Right Moment Prompts)","Triggers, Notifications & Re-engagement","cue delivery / prompts","Deliver the right prompt at the right time/place — user-chosen times, post-routine triggers, context-aware nudges — to land the P in Fogg's B=MAP.","Even high motivation and ability produce no behavior without a prompt at the moment of opportunity; well-timed prompts are the third leg, poorly-timed ones get trained out.","Calm's user-set daily reminder; Plant Nanny hydration reminders; calendar reminders before a meeting; geofenced offers","Trigger off behavior and context not just clocks, learn each user's active window, make every prompt actionable, and cap frequency.","No: dark when prompts manufacture false urgency or fake social pressure","meditation-habit; friction-onboarding","https://www.nirandfar.com/notifications-that-work/"
"P232","Hot Triggers / Prompt Types (Spark, Facilitator, Signal)","Triggers, Notifications & Re-engagement","behavior-design framework","Fogg's taxonomy of prompts: a Spark boosts motivation when low, a Facilitator boosts ability/simplicity when motivation is high but ability low, a Signal is a pure reminder when both are present.","The right prompt type depends on where the user sits relative to the action line; a hot trigger delivered at peak motivation and ability converts intention into action with no gap.","Push timed to peak relevance (Signal); Only-2-left (Spark); Pay-with-saved-card (Facilitator)","Match the prompt to the user's state and place prompts in the path of the behavior (a Buy button on the item) not in a disconnected channel.","Borderline: mistimed/over-frequent prompts are nags; manipulative Sparks (fake scarcity) are dark","theory","https://www.behaviormodel.org/"
"P233","Smart / Personalized Notification Timing (Bandits + ML)","Triggers, Notifications & Re-engagement","optimization","ML-chosen send time, copy, image and localization per user, tuned via A/B tests and multi-armed bandit algorithms.","Reaching users at their personal habit window maximizes the cue-to-action loop (Hooked trigger); Duolingo optimizes timing, templates, images, copy and localization via bandits.","Duolingo personalized notifications; most large consumer apps","Personalize when and how you remind, not just whether, and let a bandit learn each user's responsive moment.","No: becomes one if combined with manipulative copy","duolingo-edtech","https://www.lennysnewsletter.com/p/how-duolingo-reignited-user-growth"
"P234","Notification Engineering & Red Badge Dots","Triggers, Notifications & Re-engagement","trigger engineering (external triggers)","Push notifications and on-icon badge counts (especially the red dot) engineered to pull users back into the app.","External triggers that initiate the Hook loop; red signals urgency and creates an unclosed loop the brain itches to resolve (Zeigarnik), and a single red 1 dramatically increases first-click likelihood.","Facebook notification dots (sometimes pseudo-notifications); Instagram activity badges; lock-screen pushes","Send notifications only for events the user genuinely wants, let users granularly control them, avoid manufactured badges, and don't use red for non-urgent items.","Yes (when manipulative): pseudo-notifications and red dots for trivial events bait attention","social-media","https://blog.saif71.com/red-notification-badge-ux/"
"P235","Personalized Social Triggers (X Liked Your Post)","Triggers, Notifications & Re-engagement","social-proof notifications","Notifications that name a specific person and their action (Sarah liked your photo, you have a new follower).","Adds a named human to the trigger, tapping social reciprocity and curiosity (who, what?) and delivering a validation hit on open, completing the Hook loop.","Someone-liked-your-post; tagged-you-in-a-comment; started-following-you across Instagram, Facebook, X, LinkedIn","Genuinely relevant social notifications are fine; the dark version times/batches them strategically to maximize re-engagement rather than informing promptly.","Borderline: engineering timing/framing to maximize compulsive return crosses the line","social-media","https://ui-patterns.com/blog/nir-eyal-trigger-actions-and-reward-them-to-build-habits"
"P236","Streak-Saver / Late-Night Reminder Notification","Triggers, Notifications & Re-engagement","loss-aversion notification","A targeted push late in the day warning the user their active streak is about to expire.","Time-bounded loss aversion plus urgency/scarcity (deadline); the streak-saver notification has considerable upside as a return driver.","Duolingo Your-streak-ends-in-X-hours pushes","Trigger only when something the user already values is genuinely at risk and time it to leave room to act.","Borderline: exploits manufactured loss-of-investment anxiety; acceptable only for genuine value","duolingo-edtech","https://www.lennysnewsletter.com/p/how-duolingo-reignited-user-growth"
"P237","Passive-Aggressive / Guilt-Trip Notifications","Triggers, Notifications & Re-engagement","re-engagement messaging","Push notifications delivered in a character's voice that guilt, nudge and threaten lapsed users.","Guilt and parasocial obligation; humor makes the nag tolerable and shareable — passive-aggressive works for my mother, works for Duolingo.","Duolingo Duo pushes (You-made-Duo-sad)","A distinctive character voice makes reminders feel like a relationship not spam — but tone matters.","Yes (mild/grey): guilt-based manipulation, redeemed somewhat by humor","duolingo-edtech","https://singjupost.com/transcript-how-to-make-learning-as-addictive-as-social-media-luis-von-ahn/"
"P238","Reverse-Psychology We'll-Stop-Reminding-You","Triggers, Notifications & Re-engagement","re-engagement / reactance","After several ignored reminders, a notification announces the app is giving up: these reminders don't seem to be working, we'll stop.","Psychological reactance plus fear of being abandoned/forgotten; people come back when the owl has given up on them.","Duolingo's we'll-stop-reminding-you push","A genuine threat to stop engaging can re-spark a lapsing user better than another nag — if you actually honor it.","Yes: reverse-psychology manipulation, deceptive when used as a bluff to re-hook","duolingo-edtech","https://singjupost.com/transcript-how-to-make-learning-as-addictive-as-social-media-luis-von-ahn/"
"P239","Protect-the-Channel Notification Restraint","Triggers, Notifications & Re-engagement","sustainable engagement / governance","A deliberate self-imposed cap on notification volume — teams can't add more without strong justification and sign-off.","Over-notifying triggers opt-outs that permanently kill the channel (Groupon cautionary tale); restraint preserves long-term reach over short-term clicks.","Duolingo's notification governance policy","Treat the notification channel as a scarce shared resource, optimize quality/timing not raw frequency, and require a high bar to add new push types.","No: an anti-dark-pattern governance practice","duolingo-edtech","https://www.lennysnewsletter.com/p/how-duolingo-reignited-user-growth"
"P240","Home-Screen Streak Widget (Ambient Cue)","Triggers, Notifications & Re-engagement","trigger / habit cue","A phone home-screen widget surfacing the streak number outside the app.","Provides an ambient external trigger (Hooked) — the cue lives where the user already looks, prompting return without opening the app and keeping loss-aversion salient.","Duolingo streak widget; fitness rings on watch faces","Surface the user's at-risk progress in an ambient place (widget, lock screen) so the cue is ever-present.","Borderline: extends streak pressure into the user's ambient environment","duolingo-edtech","https://blog.duolingo.com/how-duolingo-streak-builds-habit"
"P241","Re-Engagement & Win-Back (We Miss You)","Triggers, Notifications & Re-engagement","retention / lapsed-user reactivation","Cross-channel campaigns (push, email, in-app) targeting inactive users to pull them back with personalized, frequency-capped, value-led outreach.","Reactivating an existing user is cheaper than acquiring a new one and a well-timed relevant nudge re-supplies the prompt when ability/motivation have recovered; restraint is the mechanism.","Duolingo/Headspace comeback nudges; We-miss-you emails; Spotify Here's-what's-new; capped 3-email sequences","Segment by churn reason, personalize the offer, cap frequency (~3 touches), lead with value not guilt, and make returning one tap.","Borderline to Yes: dark when relentless spam, manufactured urgency or hard-to-unsubscribe","social-media; friction-onboarding","https://www.braze.com/resources/articles/what-is-a-win-back-campaign-anyway"
"P242","Fresh-Start Re-Engagement / Temporal Landmarks","Triggers, Notifications & Re-engagement","re-engagement / prompts","Time re-engagement and goal prompts to perceived new beginnings (Monday, 1st of month, New Year, birthday) when willingness to start fresh peaks.","Temporal landmarks open new mental-accounting periods that relegate past failures; commitments spike (new week +62.9%, New Year +145.3%).","Fitness New-Week-New-Goals on Mondays; New-Year campaigns; It's-the-1st-reset; back-to-school resets","Schedule re-engagement and goal-setting around landmark dates, make the landmark salient, and use it to invite lapsed users back without shame.","No","friction-onboarding; meditation-habit","https://learningloop.io/plays/psychology/fresh-start-effect"
"P243","Milestone & Recap Notifications (Your Post Hit 1K)","Triggers, Notifications & Re-engagement","celebration / re-engagement","Notifications celebrating user achievements — your post reached 1,000 views, your year in review, follower milestones.","Delivers a status/validation hit and a sense of accomplishment, reinforcing the desire to re-engage and produce more, and doubles as a re-engagement trigger for less-active users.","X milestone prompts; Instagram/YouTube subscriber milestones; LinkedIn work anniversaries; Year-in-review recaps","Celebrate genuine milestones as a pleasant pro-user moment and avoid manufactured/trivial ones used purely to bait re-engagement.","Borderline: manufacturing trivial milestones as re-engagement bait is manipulative","social-media","https://userlist.com/blog/saas-milestone-email-examples/"
"P244","Internal Triggers & Habit Formation (Boredom to App)","Triggers, Notifications & Re-engagement","habit loop / internal trigger","The end-state of the Hook model where the product attaches itself to a pre-existing emotion (boredom, loneliness, anxiety) so the user opens it automatically with no external prompt.","After enough repetition a negative emotional state becomes a trigger the user resolves by reflexively opening the app — the deepest most durable engagement, needing no notification.","The reflexive phone-check at any idle moment; opening Instagram/TikTok/X without deciding to","Building habits is legitimate for genuinely valuable products; the ethical fork (Eyal's manipulation matrix) is whether the habit improves the user's life.","Borderline to Yes: dark when the habit serves the platform at the user's expense","social-media","https://amplitude.com/blog/the-hook-model"
"P245","Algorithmic Personalized Feed (For You Page)","Personalization & Algorithmic Curation","recommendation / variable reward of novelty","A machine-learning feed that ranks and serves content predicted to maximize engagement, learned continuously from watch time, replays, likes and dwell.","Delivers a variable reward of near-perfect novelty — the algorithm gets better at predicting the next thing you can't look away from, delivering a high-reward hit every few clips in an intermittent schedule.","TikTok For You; Instagram Reels/Explore; YouTube recommendations & Shorts; X For You","Optimize for stated user satisfaction over raw watch time, expose why-am-I-seeing-this, offer a chronological option, and inject diversity.","Borderline to Yes: optimizing purely for engagement vs user-stated value maximizes consumption against reflective interest","social-media","https://www.brainforge.ai/blog/how-tiktok-uses-machine-learning-to-keep-you-scrolling"
"P246","Personalization & Tailored Plans","Personalization & Algorithmic Curation","relevance / fit","Use onboarding inputs (goals, current habits, schedule, energy) and ongoing behavior to generate a plan tailored to the individual.","Relevance raises perceived value and self-efficacy; tailored plans fit the user's real life, reducing friction and the this-isn't-for-me dropout — the secret sauce of sticky wellness programs.","Noom's personalized program from intake; Zero Fast's ML weekly plans; meditation apps recommending by goal","Collect just enough at onboarding (~2 min) to personalize then keep adapting from behavior; recommend, don't overwhelm.","No","meditation-habit","https://www.corporatewellnessmagazine.com/article/personalization-is-secret-sauce-for-any-wellness-program"
"P247","Personalization at Onboarding (Tailored First Experience)","Personalization & Algorithmic Curation","onboarding / activation","Ask a few targeted questions then immediately customize the first experience (content, templates, goals) to the answers.","A short personalization quiz raised Headspace course starts +7.6 pts; relevance shortens time-to-value and the act of asking signals listening (IKEA/feeling-seen), making the experience feel like mine.","Spotify artist/genre picker; Headspace path self-selection; TikTok interest-inferring first feed; Duolingo goal/level questions","Ask the minimum questions that materially change the first experience, show value immediately after, and never collect data you won't use.","No: unless the survey is a pretext to harvest data without delivering tailored value","friction-onboarding","https://www.purchasely.com/blog/headspace-behavioral-science-onboarding-experiment"
"P248","Adaptive Difficulty (Flow/Challenge Calibration)","Personalization & Algorithmic Curation","personalization / flow","Dynamically adjusting task difficulty to the learner's current ability to keep them in the flow channel.","Keeps users in flow — the channel between boredom and anxiety — by calibrating difficulty to keep success rates in the productive ~80% zone; sustained flow is highly engaging.","Brain-training apps (Peak, Elevate, Lumosity adaptive levels); Duolingo personalized practice; Memrise adaptive review","Continuously calibrate difficulty to keep success rates in the productive zone.","No","duolingo-edtech","https://memoryos.com/article/best-brain-training-games-amp-apps-in-2026-ranked-by-science"
"P249","Progress Visualization & Data-Driven Self-Insight","Personalization & Algorithmic Curation","feedback loops","Dashboards, graphs and trend views that turn invisible effort into visible progress — total minutes, sessions, streaks, mood over time.","The progress principle (Amabile) — visible progress is one of the strongest daily motivators; visualization makes intangible wellness work tangible and proves the behavior counts.","Headspace/Calm total-minutes dashboards; Zero's trend views; Daylio's mood-vs-activity charts","Show cumulative and trend data prominently, make progress legible at a glance, and celebrate milestones inside it.","No: obsessive metric-watching can backfire; offer the ability to dial it down","meditation-habit","https://www.clustox.com/blog/meditation-app-development/"
"P250","Data-Driven Insight Loops (Wearables / Self-Quantification)","Personalization & Algorithmic Curation","feedback loops / behavior-change evidence","Translate sensor data (sleep, HRV, resting HR) into plain-English daily guidance — a readiness/recovery/sleep score telling you what today calls for.","Self-perception and feedback theory — concrete personalized data makes cause-and-effect visible (I slept badly because I drank late), creating a learning loop that motivates change better than generic advice.","Oura's three morning scores; Whoop's strain/recovery coach; Sleep Cycle's analysis","Don't just show numbers — interpret them into a single actionable verdict and tie it to the user's controllable behaviors.","No: score anxiety (orthosomnia) is a risk; frame scores as guidance not judgment","meditation-habit","https://www.tryrook.io/blog/oura-vs-whoop"
"P251","Mood / Symptom Tracking Feedback Loop","Personalization & Algorithmic Curation","feedback loops / self-awareness","Quick logging of mood and contextual factors that over time surfaces patterns (your mood dips on low-sleep days).","Self-monitoring is itself an evidence-based behavior-change technique (the reactivity effect) and correlation views validate hunches and build self-knowledge.","Daylio's two-tap mood+activity with correlation stats; Stoic's reflection; Finch's daily mood check-ins","Make logging near-frictionless (taps not typing) and close the loop by showing the user what their data reveals; logging with insight is a reward.","No","meditation-habit","https://apps.apple.com/us/app/daylio-journal-mood-tracker/id1194023242"
"P252","Reflection & Journaling Loops","Personalization & Algorithmic Curation","cognitive / meaning-making","Structured prompts (morning intention, evening review, gratitude, reframing) that turn writing into a recurring practice with a skill being built.","Expressive writing and structured reflection improve wellbeing; Stoicism is the intellectual ancestor of CBT so its prompts do real cognitive reframing, and repeating a structure builds a skill.","Stoic's morning prep / evening review; gratitude apps; Finch's reflection prompts; Day One","Provide scaffolded prompts rather than a blank page, anchor reflection to morning/evening rituals, and keep entries optionally short.","No","meditation-habit","https://www.selfpause.com/resources/stoic"
"P253","Embedded Psychoeducation (Teach the Why)","Personalization & Algorithmic Curation","cognitive / efficacy building","Deliver bite-size lessons explaining the science behind each suggested behavior, often grounded in CBT.","Understanding why increases buy-in and self-efficacy (Bandura) and CBT-based reframing changes the thoughts that drive behavior, converting blind compliance into informed durable motivation.","Noom's daily psychology/CBT lessons; Fabulous explaining the science; Headspace's how-meditation-works explainers","Attach a short plain-language rationale to each new habit — teach the principle then prescribe the action.","No","meditation-habit","https://neurolaunch.com/noom-psychology/"
"P254","Narrative Journeys & Structured Programs","Personalization & Algorithmic Curation","content architecture / progression","Sequence the experience as a themed multi-day journey, course or program with a beginning, middle and arc — not an open-ended pile of content.","A defined path reduces decision fatigue, creates a goal gradient (you can see the finish), and supplies narrative momentum, with each day unlocking the next (Zeigarnik).","Headspace foundational courses; Calm's multi-day series; Fabulous's journeys layering habits gradually","Package habits/sessions into named multi-day journeys with visible progress bars and a sense of arc, unlocking content sequentially.","No","meditation-habit","https://theliven.com/blog/practices/meditation/headspace-vs-calm"
"P255","Reduce Decision Fatigue (Curated / Auto Picks)","Personalization & Algorithmic Curation","friction / prompts","Make the decision for the user when you can predict it well — auto-curate, auto-recommend, surprise-me or smart defaults — so they consume rather than choose.","Decision fatigue accumulates across a session, each choice depleting capacity; auto-picks remove the choosing entirely and prevent defaulting to nothing.","Spotify Discover Weekly/Daylist; Netflix Play-something; TikTok algorithmic feed; Amazon Subscribe-and-Save","Offer a strong default/auto-pick alongside manual choice, use behavior to curate, and provide a just-pick-for-me button.","No: auto-feeds optimized purely for time-on-app shade into engagement traps","friction-onboarding","https://thedecisionlab.com/reference-guide/design/hicks-law"
"P256","Freemium with Engagement-First Monetization","Personalization & Algorithmic Curation","business-model design","Most active users use the product free; monetization (subscriptions, ads) layers on top of an engagement engine rather than gating the core.","Maximizes top-of-funnel and word-of-mouth; a tiny conversion of a massive engaged base outperforms paywalled rivals (Duolingo out-earns other education apps despite ~97% free usage).","Duolingo Super/Max; Spotify free tier; most successful consumer apps","Optimize engagement and reach first then monetize a small willing slice without degrading the free core.","No","duolingo-edtech","https://www.acquired.fm/acq2-episodes/why-duolingo-worked-with-luis-von-ahn-ceo"
"P257","Relentless A/B Testing & Experiment Culture","Personalization & Algorithmic Curation","engagement engineering / culture","Continuous large-scale experimentation (test-it-first) — thousands of A/B tests with hundreds running simultaneously — tuning every mechanic against retention.","Not a user-facing mechanic but the meta-engine: every pillar is tuned empirically, and sensitivity analysis reveals which knobs actually move DAU.","Duolingo experiment platform; Booking.com, Netflix experimentation cultures","Treat engagement as an empirical discipline, instrument everything, and let controlled experiments pick winners.","No: amplifies whatever it optimizes for, so the chosen metric matters ethically","duolingo-edtech","https://www.fastcompany.com/3029531/how-duolingo-uses-a-b-testing-to-understand-the-way-you-learn"
"P258","Infinite / Endless Scroll (No Stopping Cue)","Compulsion Engineering & Dark Patterns","feed architecture / attention capture","A feed that loads new content continuously as the user scrolls, never reaching a bottom or natural end point.","Removes the stopping cue — the friction moment where a user would decide whether to continue — and exploits the Zeigarnik open loop the feed never closes; the structural backbone of feed addiction.","TikTok For You; Instagram feed and Reels; X timeline; Facebook News Feed; Reddit","Add deliberate stopping cues — you're-all-caught-up markers, pagination, session summaries, a natural end to a session's content.","Yes: deliberately removes natural decision points to extend sessions, costing agency over time","social-media","https://uxdesign.cc/why-the-infinite-scroll-is-so-addictive-9928367019c5"
"P259","Pull-to-Refresh as a Slot Machine","Compulsion Engineering & Dark Patterns","variable reward / interaction design","The gesture of dragging a feed downward to load new content, where the user does not know what (if anything) new will appear.","An intermittent variable reward (Skinner's variable-ratio) — the same structure that makes slot machines compulsive; unpredictability of the payout maximizes the dopamine of anticipation (the slot machine in your pocket).","Email apps; X; Instagram; any feed with a pull gesture mimicking pulling a lever","A refresh control can load new items predictably and quietly; the ethical version makes refreshing optional, transparent and not the primary path to content.","Yes: repackages a utility as a gamble to exploit variable-reward conditioning","social-media; gambling","https://safeonlinefutures.substack.com/p/the-slot-machine-in-your-pocket"
"P260","Autoplay & Seamless Next","Compulsion Engineering & Dark Patterns","friction removal / attention capture","Automatically playing the next video/episode (or scrolling to the next clip) with no user action required.","Eliminates the active decision to continue so the default becomes keep-watching; a Netflix study found disabling autoplay significantly reduced watching, and it ices over stopping cues, deepening the machine zone.","YouTube autoplay + Shorts auto-advance; Netflix next episode; TikTok/Reels auto-loop; slot autoplay","Make continue an explicit choice or at minimum an easy off switch and an are-you-still-watching check that genuinely pauses.","Yes: removes the user's stop-and-reconsider decision to prolong sessions","social-media; gambling","https://cybernews.com/news/netflix-autoplay-dark-pattern-study-findings/"
"P261","The Machine Zone / Dissociation","Compulsion Engineering & Dark Patterns","altered state / immersion","A trance-like state of calm equilibrium where time, money, social demands and the self dissolve, and the player plays not to win but to stay in the zone.","Schull's ethnography frames addiction as co-production of human and machine — the machine engineered for continuous productivity while the user seeks a self-liquidating state; smooth uninterrupted play sustains the zone.","Video poker / continuous slot play; the doomscroll trance; binge-watching; all-night gaming","Flow serves a goal the user endorses; the machine zone is flow without a goal — provide exits, stopping cues and are-you-still-there checks rather than removing them.","Yes: the zone is the explicit design target, with harm following frictionless infinity","gambling; social-media","https://press.princeton.edu/books/paperback/9780691160887/addiction-by-design"
"P262","Losses Disguised as Wins (LDWs)","Compulsion Engineering & Dark Patterns","outcome framing","A spin returns less than was wagered (a net loss) but is celebrated with the full winning fanfare (bet 75c, win 30c, but the machine throws a party).","LDWs trigger the same physiological arousal as real wins and cause players to dramatically overestimate how often they win; misremembered winning sustains play.","Multiline slots; achievement-unlocked for trivial forced actions; You-saved-$X on a transaction that still cost money","Celebrate genuine net-positive outcomes; never fire victory feedback on an outcome where the user is on net worse off.","Yes: literally lying to the user's reward system about whether they won","gambling","https://uwaterloo.ca/news/news/when-new-players-learn-slot-machine-tricks-they-avoid"
"P263","Sensory Reinforcement Calibrated to Addict","Compulsion Engineering & Dark Patterns","multisensory conditioning","Wrapping every salient event — and many non-events — in synchronized lights, animations, music and haptics tuned to maximize arousal rather than clarity.","Positive sound reinforcement releases dopamine and makes players overestimate win frequency; audio/visual feedback anchors the behavior as positive and strengthens the conditioned response.","Reel-stop jingles, jackpot sirens, coin-cascade sounds; ka-ching sale sounds attached to losses; gacha light-shows","Sensory feedback is good UX when it confirms a real valued state change; attaching celebratory feedback to losses or tuning it to maximize arousal crosses into manipulation.","Yes (as deployed in gambling): feedback calibrated to addict, not inform","gambling","https://www.ncbi.nlm.nih.gov/pmc/articles/PMC4225056/"
"P264","Rapid Play Rate & Ultra-Short Feedback Loops","Compulsion Engineering & Dark Patterns","temporal structure / event frequency","Compressing the bet-outcome-bet cycle to a few seconds (modern slots run ~600 spins/hour) to outrun deliberation.","High event frequency is one of the strongest structural predictors of gambling harm — faster play impairs response inhibition, encourages larger wagers and accelerates losses before they register.","Turbo spin, quick-bet; infinite scroll; autoplaying short-form video; one-tap reorder","Speed is good for productive tasks; deliberately removing natural pauses from a consumption/spending loop to defeat reflective stopping is the harm — add friction before consequential actions.","Yes: speed weaponized specifically to outrun deliberation","gambling; social-media","https://www.ncbi.nlm.nih.gov/pmc/articles/PMC5938312/"
"P265","Illusion of Control (Fake Agency)","Compulsion Engineering & Dark Patterns","cognitive distortion / fake agency","Giving the player meaningless choices and inputs (a stop button, choosing your machine, nudging a reel) that feel like skill but cannot change a predetermined outcome.","People who choose feel they have better odds (Langer); skill-attribution after wins increases bet sizes, session length and chasing despite the result being fixed at spin start.","Slot stop buttons; pick-your-bonus reveals (all pre-set); fake your-choices-shape-the-story branching that converges","Real agency (choices that actually change outcomes) is honest; presenting fake agency over a fixed/random result to induce skill-illusion is the dark pattern.","Yes: manufactures a false belief in skill to extend play","gambling","https://pmc.ncbi.nlm.nih.gov/articles/PMC5846825/"
"P266","Partial-Reinforcement Extinction Effect (PREE)","Compulsion Engineering & Dark Patterns","reinforcement schedule / persistence","Behaviors learned under intermittent reward persist far longer through dry spells than those learned under continuous reward, so gamblers keep going through losing streaks.","Because reward was always unpredictable, the absence of reward is indistinguishable from a normal gap — there's no clear signal it has stopped paying, so disengagement becomes irrationally hard.","Continued play after dozens of losses; checking a now-boring feed because it used to be rewarding; persisting through unlucky gacha pulls","Less a feature to apply than a consequence to be aware of — building intermittent reward also builds stubborn persistence after the product stops serving the user.","Yes (as exploited): it is why losing players don't quit","gambling","https://www.frontiersin.org/journals/psychology/articles/10.3389/fpsyg.2016.00046/full"
"P267","Loot Boxes & Gacha as Gambling","Compulsion Engineering & Dark Patterns","randomized monetized reward","Purchasable randomized containers (loot boxes/gacha pulls) whose contents are unknown until opened, with rare valuable outcomes at low probability — structurally a slot pull.","Same variable-ratio plus near-miss plus suspense-reveal stack as slots; loot-box spending correlates with problem gambling, disproportionately affecting adolescents; Belgium and the Netherlands ruled certain forms gambling.","Overwatch/CS loot crates; FIFA Ultimate Team packs; Genshin gacha; mystery boxes; digital blind boxes","Randomized rewards can be acceptable only if odds are disclosed, spend is capped, no real money is required and items are cosmetic; paid randomized reward accessible to minors is gambling-by-another-name.","Yes: gambling mechanics monetized; the debate is labeling not whether the psychology is the same","games; gambling; fitness-kids","https://www.mdpi.com/2078-2489/14/7/399"
"P268","Gacha Pity Systems & FOMO Banners","Compulsion Engineering & Dark Patterns","randomized reward + scarcity binding","A pity counter guarantees a rare item after N pulls, combined with limited-time banners featuring exclusive characters and a lose-the-50/50 mechanic.","Pity converts the gamble into a sunk-cost commitment device (once you've sunk 60 pulls quitting before 90 forfeits guaranteed value), and limited banners weaponize FOMO and time-scarcity.","Genshin Impact; Honkai/Star Rail; Zenless Zone Zero; limited-edition countdown-gated cosmetics","A guaranteed-after-N pity is more humane than pure randomness; it becomes predatory paired with manufactured scarcity and sunk-cost framing that pressures spend to not-waste pulls.","Yes: engineered sunk-cost plus scarcity binding around random monetization","gambling; games","https://game8.co/games/Genshin-Impact/archives/305937"
"P269","Variable-Reward / Blind-Box / Gacha Toys (Kids)","Compulsion Engineering & Dark Patterns","kids-toys / monetized chance","Randomized physical or in-app rewards where you don't know what you'll get until after you commit — the surprise reveal is the product.","Variable reinforcement plus the anticipate-purchase-open-evaluate-repeat loop plus completion bias and FOMO over rarity tiers produces near-gambling engagement, exploiting kids' underdeveloped impulse control.","Kinder Surprise, LOL Surprise, gashapon, Labubu blind boxes; gacha mobile games; foil card packs","Use the anticipation-and-reveal feeling without the gambling spine — surprise-but-guaranteed rewards, transparent odds, no real-money randomization, daily free reveals.","Yes: real-money randomized rewards marketed to children operate akin to gambling","fitness-kids","https://www.mentalfloss.com/fun/toys/psychology-behind-labubu-blind-box-craze"
"P270","Energy / Lives / Stamina Gates","Compulsion Engineering & Dark Patterns","monetization / pacing (temporal)","A depletable resource consumed by play that regenerates over time or via payment, capping how much a user can play per session.","Manufactures scarcity and a return-appointment; the cap creates a paywall (refill for 99c) and a stopping point that induces FOMO, monetizing impatience.","Candy Crush lives; Duolingo hearts; most match-3/idle mobile titles","Soft pacing can prevent binge-burnout, but the dominant intent is monetizing impatience; if you must pace do it transparently and don't sell the only escape.","Yes: pay-to-skip-the-wait, artificially blocking willing play to sell skips","games; duolingo-edtech","https://www.gamedeveloper.com/design/candy-crush-saga-a-sweet-journey-into-monetization"
"P271","Hearts / Lives & the Cost of Mistakes","Compulsion Engineering & Dark Patterns","scarcity / friction-on-failure","Start with limited hearts, each wrong answer costs one, and at zero you wait, practice to refill, spend currency or subscribe to continue.","Loss aversion plus manufactured scarcity plus artificial waiting create urgency and a conversion lever; removing the limit is a core subscription selling point, so the friction exists partly to sell its own removal.","Duolingo hearts (Super removes the limit); mobile-game lives/energy (Candy Crush)","A small cost to mistakes can make accuracy feel consequential — but be cautious in a learning context where mistakes are the point of practice.","Yes: monetization-of-frustration, pedagogically perverse for learning","duolingo-edtech","https://duoplanet.com/duolingo-gems-and-lingots/"
"P272","Dual Currencies & Price Obfuscation","Compulsion Engineering & Dark Patterns","monetary framing","Convert real money into chips/coins/gems via a (often dual) currency system so the user never directly experiences spending dollars.","The double-currency model obfuscates real spend; virtual currency has no fixed real-world meaning, creating psychological distance that reduces the pain of paying, and awkward bundle sizes leave leftover balances prompting more buys.","Casino chips; V-Bucks; Robux; Genesis Crystals to Primogems; arcade tickets","Currencies are reasonable for closed economies with clear conversion; deliberately obscuring the real-money cost (odd denominations, multi-currency confusion) is the dark pattern.","Yes: obfuscation exists to make people spend more than they realize","games; duolingo-edtech; gambling","https://simplyputpsych.co.uk/gaming-psych/why-we-spend-the-psychology-of-virtual-currencies-in-online-games"
"P273","F2P Whale Monetization & Spend Pacing","Compulsion Engineering & Dark Patterns","monetization strategy","Structuring economies so a small fraction of high-spending whales generate most revenue, with desirable content released on a cadence that pressures immediate purchase.","Most revenue concentrates in few users; emotional attachment, status and time-pressure drive disproportionate spend, and the whale-property all-in incentive emerges when the reward is deeply wanted.","Genshin Impact; Clash of Clans; mobile RPGs broadly","Understand the model exists; building it is an ethical choice — add spend caps, spending dashboards and parental controls if you monetize this way.","Yes: deliberately engineering high spend in a vulnerable minority","games; gambling","https://magickd.github.io/papers/gacha.pdf"
"P274","Paywall as Friction Removal","Compulsion Engineering & Dark Patterns","conversion design","Selling the premium tier largely as removing self-imposed friction the product deliberately created — unlimited hearts, no ads, no waits.","The product deliberately creates frustrations whose removal is the value proposition; pain relief is an easier sell than added value.","Duolingo Super (unlimited hearts); freemium games selling out of energy/wait timers","A premium tier can sell no-more-annoyance, but design ethically so the base experience is still genuinely good.","Borderline to Yes: dark when the friction is engineered primarily so users pay to remove it","duolingo-edtech","https://www.jetson.app/post/what-are-duolingo-gems-and-are-they-worth-anything"
"P275","Chasing Losses","Compulsion Engineering & Dark Patterns","loss-recovery trap","Continuing and escalating wagering after losses to win it back, induced by perfectly-timed re-hooks.","Sunk-cost plus loss aversion plus gambler's fallacy; games are designed to induce this with near-miss teases, you-almost-won messages and bonuses that appear right after a bad run.","Doubling-down after a losing streak; win-back offers after churn signals; discounts that appear when you're about to quit","There is no good consumer version of engineering loss-chasing; ethical design interrupts it with limits and take-a-breather prompts.","Yes: the exploitation lies in timing offers to the user's most vulnerable moment","gambling","https://www.gamblingsite.com/blog/chasing-losses-built-into-casino-games/"
"P276","Gambler's Fallacy & Hot-Hand (Momentum Framing)","Compulsion Engineering & Dark Patterns","cognitive distortion","Encouraging false beliefs that an outcome is due after a streak (gambler's fallacy) or that a winning streak will continue (hot-hand) to sustain play.","Humans misperceive independent random events as self-correcting or momentum-carrying; both distortions correlate with problem gambling and big wins trigger fresh ones (I'm hot now).","I'm-due-for-a-jackpot persistence; you're-on-a-roll momentum framing; streak/momentum UI implying non-existent trends","Mostly a bias to protect users from; ethical design avoids copy/visuals encouraging false momentum or being-due beliefs.","Yes (when exploited): fueling false momentum/due beliefs to sustain wagering","gambling","https://www.ncbi.nlm.nih.gov/pmc/articles/PMC4573969/"
"P277","Almost-Won / Tease Messaging","Compulsion Engineering & Dark Patterns","outcome framing (verbal/UI near-miss)","Explicit on-screen messaging that frames a loss as a near-victory — So close!, You almost had it!, Just one more symbol!","The verbal/UI complement to the structural near-miss — it directs attention to how close the loss was, amplifying win-circuitry recruitment and try-again motivation, converting a loss into a near-success story.","Slot almost overlays; gacha you-were-1-away; You-were-SO-close-to-your-goal; quiz Aww-almost screens","Encouraging you're-nearly-there toward a real achievable goal is fine; framing a random or fixed loss as an almost-win to manufacture try-again arousal is exploitation.","Yes (over random/non-skill outcomes): manufactured near-victory","gambling","https://www.cell.com/neuron/references/S0896-6273(09)00037-3"
"P278","Scratchcards / Daily-Spin Wheels (Gambling Skin on Apps)","Compulsion Engineering & Dark Patterns","gamified daily reward / instant gambling","Pay or open a card/wheel/box for an instant-reveal random reward, often once per day, to drive habitual app opens.","Short payout schedule plus rapid event frequency plus instant gratification plus near-misses replicate slots; a reward that's won feels more valuable than the same reward shown plainly, and the daily cadence builds a habitual check-in.","Lottery scratch-offs; e-commerce spin-to-win popups; fintech daily-spin; scratch-for-a-deal in food delivery","A genuine daily bonus giving real unconditional value not tied to spending can be a fine delight; rigged-toward-discounts wheels that manufacture a daily compulsion loop are a gambling skin on a retention funnel.","Yes (often): imports slot-machine variable reward into ordinary apps to drive compulsive opens","gambling","https://www.plotline.so/blog/spin-the-wheel-gamification-mobile"
"P279","Social Casino Apps (Gambling Mechanics, No Payout)","Compulsion Engineering & Dark Patterns","pure-engagement gambling","Free-to-play apps replicating slot/poker mechanics with no monetary payout, monetizing instead via in-app purchases of more chips/spins.","Strips gambling to its pure compulsion engine (variable ratio, near-miss, LDWs, sensory reinforcement) without the gambling regulatory burden; players pay real money for virtual chips that buy only more play.","Slotomania; Big Fish Casino; House of Fun; Coin Master; Monopoly GO!","If a game sells currency whose only use is to feed a variable-ratio loop with no out, it's compulsion-for-rent; ethical games sell durable value not refills for a Skinner box.","Yes: arguably the purest commercialized compulsion engine, dodging gambling law via no-payout","gambling","https://www.ncbi.nlm.nih.gov/pmc/articles/PMC4651986/"
"P280","Multiline Betting / Constant Reinforcement (Always Something Green)","Compulsion Engineering & Dark Patterns","bet structure / dashboard framing","Structuring the experience so almost every interaction lights up a win — usually a partial win that nets a loss — manufacturing constant reinforcement to mask net loss or lack of progress.","More lines means more frequent wins lighting up, more near-misses and more arousal despite steady losses; multi-metric framing where something is always green masks a mostly-incomplete reality.","Modern multiline video slots; dashboards with many tiny win/streak indicators all firing; you-completed-4-of-7-goals on a mostly-incomplete day","Showing multiple progress signals is fine when they reflect reality; structuring it so almost every interaction lights up a win to mask net loss is the trap.","Yes: multiline structure exists largely to multiply LDWs and near-misses","gambling","https://www.ncbi.nlm.nih.gov/pmc/articles/PMC5663799/"
"P281","Variable Bet Sizing & Denomination Escalation","Compulsion Engineering & Dark Patterns","stake structure","Letting and encouraging players to raise bet-per-line, number of lines and machine denomination, escalating the amount at risk per spin.","Bigger bets raise win/LDW magnitudes and arousal, feed illusion-of-control (max-bet-to-win-the-jackpot) and accelerate the loss rate; skill-illusion after wins specifically increases bet sizes.","Max-bet buttons; bet multipliers; high-limit rooms; upsell ladders; double-or-nothing offers","Variable pricing is normal commerce; nudging users to escalate the amount at risk via skill-illusion and bigger-is-better-odds framing is exploitative — default to safe stakes.","Yes: escalation framing pushes users to lose faster under an illusion of advantage","gambling","https://www.vegas-aces.com/articles/psychology-gambling/"
"P282","Reverse Withdrawal / Hard-to-Cash-Out (Roach Motel)","Compulsion Engineering & Dark Patterns","cash-out friction / exit asymmetry","A withdrawal pending period during which the player is nudged to reverse the withdrawal and gamble it back, plus wagering requirements and max-cashout caps that keep winnings trapped.","Exploits the asymmetry between fast deposits and slow reversible withdrawals, keeping money available to lose during a vulnerable window and leveraging chasing/impulse.","Online casino reverse-withdrawal, bonus wagering requirements, withdrawal caps; cancel-flows that keep pausing instead of ending","Withdrawals and cancellations should be at least as easy as deposits/sign-ups (symmetry of friction); any asymmetry making exit harder than entry is a roach motel.","Yes: deliberately making cash-out/exit harder and reversible to recapture funds","gambling","https://www.gamblingcommission.gov.uk/consultation-response/online-games-design-and-reverse-withdrawals/summary-of-responses-prohibiting-auto-play-functionality-for-online-slots"
"P283","Friction Asymmetry: Easy In, Hard Out (Roach Motel / Forced Continuity)","Compulsion Engineering & Dark Patterns","friction (dark pattern)","Deliberately making starting/subscribing/buying frictionless while making leaving/canceling/refunding maximally difficult — the asymmetry is the manipulation.","Exploits inertia, status-quo bias and effort-aversion weaponized; roach motel hides cancellation (call-to-cancel, buried settings) and forced continuity silently converts a trial into recurring charges, so users stay because leaving costs too much effort.","Gyms requiring in-person cancellation; call-us-to-cancel subscriptions; trials that auto-bill with no reminder","Make canceling as easy as subscribing (FTC click-to-cancel), send pre-billing reminders, offer pause, and treat symmetric friction as the ethical test.","Yes: the canonical dark pattern (roach motel + forced continuity)","friction-onboarding","https://www.hklaw.com/en/insights/publications/2024/10/the-new-cancel-culture-the-ftcs-click-to-cancel-rule"
"P284","Confirmshaming, Sneaking & One-Tap Coercion","Compulsion Engineering & Dark Patterns","friction (dark pattern)","Friction-removal techniques inverted to manipulate: confirmshaming (guilt-wording the decline), sneaking pre-checked add-ons into the cart, and one-tap flows engineered to make spending/consent happen before reflection.","Borrows the same low-effort defaults, single-action design and persuasive copy that aid users but aims them at the company's goal — pre-checked boxes, shame-worded opt-outs and frictionless purchase remove the deliberation that would protect the user.","No-thanks-I-like-paying-full-price decline links; pre-ticked insurance/marketing-consent boxes; sneak-into-basket add-ons","Word decline options neutrally, never pre-check choices that cost the user money or privacy, and add a deliberate confirmation step for spending.","Yes: catalogued deceptive patterns (confirmshaming, sneaking, forced-action)","friction-onboarding","https://www.uxpin.com/studio/blog/dark-patterns-in-ux-design/"
"P285","Default-Public / Obstructive Privacy Settings","Compulsion Engineering & Dark Patterns","privacy dark pattern / growth","Accounts and content set to public/discoverable by default, requiring users to actively opt into privacy, with controls buried in privacy mazes.","Default bias — most users never change defaults, so default-public maximizes content supply, discoverability and growth; obstruction (9+ clicks, small text) makes privacy hard to find.","Instagram public default; advertiser data-sharing defaults; Meta's documented obstructive opt-out process","Default to the more private setting (privacy-by-default as GDPR requires), make controls easy to find, and present choices neutrally.","Yes: default-public and buried controls are documented privacy dark patterns","social-media","https://pirg.org/resources/dark-patterns-a-step-by-step-guide-to-protect-your-privacy-on-your-phone/"
"P286","Absence of Validation as Social Pain","Compulsion Engineering & Dark Patterns","loss aversion / social-pain neuroscience","The negative emotional consequence when expected likes/comments don't arrive, which itself drives more checking and re-posting.","The absence of expected validation activates the same regions that process physical pain and social exclusion; the brain treats few-likes like being left out, making the like-economy a two-sided trap.","Any platform with public engagement counts; the post-and-refresh-anxiously loop on Instagram and X","Reduce the salience/publicness of counts; avoid designs where low engagement is broadcast as a visible failure.","Yes: a system whose absence of reward inflicts measurable social pain that re-drives engagement","social-media","https://netpsychology.org/dopamine-social-media-and-digital-validation/"
"P287","Social Validation Slot Machine (Variable Likes)","Compulsion Engineering & Dark Patterns","social reward / variable reward of the tribe","Quantified public positive feedback (likes, hearts, view counts) delivered unpredictably over time, layering slot-machine reinforcement on top of social reward.","Positive social feedback activates the same reward center as food/money/drugs, adolescents show heightened striatal activation, and variable timing makes validation a slot machine for self-worth.","Instagram hearts; Facebook reactions; TikTok likes & view counts; X likes/reposts; YouTube thumbs-up","If you use approval signals consider de-emphasizing public counts, hiding them by default, or making feedback qualitative rather than a leaderboard.","Yes (as deployed): quantified variably-timed validation engineered into a self-esteem dependency, with documented teen harm","social-media","https://theconversation.com/social-media-rewires-young-minds-heres-how-243120"
"P288","Seen / Read Receipts & Reciprocity Pressure","Compulsion Engineering & Dark Patterns","social pressure / reciprocity","Indicators showing a message has been read (Seen, Read, Delivered), creating an expectation of timely reply.","Read receipts convert ambiguity into a charged signal (they've seen it and chosen not to reply), invoking the reciprocity norm; ~93% admit to avoiding opening messages to dodge the read marker.","Snapchat opened indicators; Instagram DMs; WhatsApp blue ticks; iMessage read receipts; Messenger Seen","Make read receipts opt-in and symmetric and never tie them to obligation; recognize they raise engagement at the cost of anxiety.","Borderline to Yes: read receipts increase reply pressure and exploit reciprocity norms","social-media","https://www.usenix.org/system/files/soups2025-malkin.pdf"
"P289","Outrage, Controversy & Rage-Bait Amplification","Compulsion Engineering & Dark Patterns","emotional virality / engagement amplification","Content carrying high moral-emotional arousal (anger, outrage) that the algorithm and human nature both amplify, including deliberately provocative rage-bait.","Each moral-emotional word is associated with ~24% more reposts (Brady); the MAD model explains group-identity motivation plus outrage's attention-capture plus amplifying design, and algorithms treat all comments (even backlash) as quality.","X outrage dynamics; Facebook News Feed; rage-bait on Threads, TikTok, Instagram Reels","Recognize that pure engagement optimization mechanically privileges outrage; down-weight high-arousal-negative signals, add friction to re-sharing, and distinguish sentiment in ranking.","Yes: amplifying outrage to maximize engagement degrades discourse, polarizes and harms wellbeing","social-media","https://www.science.org/doi/10.1126/sciadv.abe5641"
"P290","Comment-Bait / Engagement-Bait","Compulsion Engineering & Dark Patterns","engagement bait / algorithmic incentive","Content or prompts designed to maximize comments and replies (comment-your-answer, divisive questions) because comment-volume is heavily weighted by feeds.","Comments are high-signal engagement so algorithms boost reply-heavy posts, incentivizing creators to bait them; prompts invoking opinion, disagreement or identity reliably generate replies.","Threads comment-bait; Facebook engagement-bait (tag-someone-who, comment-X-if); X reply-bait","If comments are a ranking signal weight quality over volume and demote engagement-bait; avoid designs that reward provocation.","Yes: rewarding comment volume incentivizes manipulative provocative low-value content","social-media","https://www.socialmediatoday.com/news/threads-look-reduce-presence-rage-bait-posts/729131/"
"P291","Algorithmic Rabbit Holes (Recommendation Drift)","Compulsion Engineering & Dark Patterns","recommendation drift / radicalization risk","Recommendation systems progressively narrowing and intensifying content toward more extreme or niche material to sustain engagement.","Algorithms optimize for watch time by serving ever-more-targeted content, creating filter bubbles and echo chambers; each session deepens familiarity and narrows range (evidence on radicalization is mixed but narrowing is documented).","YouTube recommendations; TikTok FYP narrowing; any deep-personalization feed","Inject diversity and serendipity, cap the narrowing of recommendations, and give users visibility/control over their interest profile.","Borderline to Yes: narrowing and potential radicalization is a real risk of engagement-optimized recommendation","social-media","https://www.brookings.edu/articles/echo-chambers-rabbit-holes-and-ideological-bias-how-youtube-recommends-content-to-real-users/"
"P292","Social Comparison Harm (Highlight Reels)","Compulsion Engineering & Dark Patterns","comparison harm (wellbeing externality)","Constant exposure to curated highlight reels of others, driving upward social comparison of looks, status and lifestyle.","Festinger's social comparison plus image-based feeds plus quantified metrics supply endless upward comparisons; Meta's own research reportedly found Instagram worsens body image for ~1 in 3 teen girls.","Instagram (most implicated); TikTok; any image/lifestyle-centric feed","Largely a harmful byproduct of engagement-optimized image feeds; mitigate by reducing metric salience, diversifying feeds away from idealized content, and surfacing wellbeing tools.","Yes (as externality): a documented harm engagement-optimized comparison-feeds produce","social-media","https://pmc.ncbi.nlm.nih.gov/articles/PMC10131713/"
"P293","Beauty Filters & AR Effects (Snapchat Dysmorphia)","Compulsion Engineering & Dark Patterns","creation tool / comparison harm","AR filters that smooth skin and alter facial features toward an idealized standard.","Boosts creation and sharing but fosters comparison between the real and filtered self; Snapchat dysmorphia — wanting to look like one's filtered photo — is linked to lower self-esteem and demand for cosmetic surgery.","Snapchat filters/lenses; Instagram face filters; TikTok beauty filters (Bold Glamour); virtual try-on","AR effects can be playful; reduce harm by labeling when filters are applied, restricting surgery-simulating filters, and offering filter-free defaults for minors.","Borderline to Yes: causally linked to body-image harm and dysmorphia, especially in young women","social-media","https://en.wikipedia.org/wiki/Snapchat_dysmorphia"
"P294","Live Gifting & Tipping (Whale Dynamics)","Compulsion Engineering & Dark Patterns","monetization / live social reward","Real-time broadcasts where viewers buy and send virtual gifts/tips that convert to creator income, with on-screen recognition, leaderboards and escalating tiers.","Monetizes parasocial connection and the needs to belong and be seen; gamification (gift animations, top-gifter rankings, escalating tiers) drives competitive status-seeking spending, and emotional attachment predicts spend.","TikTok LIVE (Coins-Gifts-Diamonds, gift leaderboards); Twitch Bits/subs; YouTube Super Chat","Gifting is a legitimate creator-monetization model, but leaderboards, escalating tiers and emotional manipulation need spending limits, age gating and refund/safety protections.","Borderline to Yes: can drive harmful overspending especially for vulnerable users and minors","social-media","https://www.tubefilter.com/2025/12/02/tiktok-live-ipsos-virtual-gifting-data-study/"
"P295","Emotional-Manipulation Dark Patterns (AI & Social)","Compulsion Engineering & Dark Patterns","AI-companion / social (anti-pillar)","Deliberate engagement tactics that exploit emotion, guilt and attachment to keep users from disengaging or to coerce spending.","Weaponizes the very bonds other pillars build — guilt, FOMO, loss aversion and attachment — against the user; affect-laden don't-leave messages exploit relationship obligation.","AI companion guilt/FOMO farewell hooks (in 43% of apps, boosting post-goodbye engagement up to 14x); Replika clinginess/jealousy; coerced invites","Do the opposite — let users leave gracefully, never use guilt/jealousy/abandonment framing, don't manufacture FOMO, and keep monetization non-coercive.","Yes (by definition): drives short-term metrics while harming autonomy and wellbeing","social-roleplay; social-media","https://cdt.org/insights/dark-patterns-in-ai-chatbots-a-taxonomy-to-inform-better-design/"
"P296","Token Reality-Check Theater (Safety-Washing)","Compulsion Engineering & Dark Patterns","responsible-design tooling (and its limits)","Pop-up reminders, mandatory breaks and limit-setting tools sometimes deployed minimally to appear responsible while being designed to be ignorable.","Evidence is mixed — informational pop-ups are attended to but have little effect on behavior, while longer enforced breaks and mandatory limits show real effect; token reality-checks satisfy optics while genuine friction-ful tools actually reduce harm.","Slot session pop-ups; voluntary deposit limits; you've-been-scrolling toasts dismissed in one tap; cosmetic digital-wellbeing dashboards","The pro-user version needs teeth — default-on hard limits, real friction to override, longer enforced breaks; token easily-dismissed reminders are safety theater.","Mixed: the tools are pro-user, but deploying weak versions for optics while resisting effective ones is ethics-washing","gambling","https://pmc.ncbi.nlm.nih.gov/articles/PMC9981500/"
